images,"chat_type",records,id
"https://telegram.metodosdigitais.org/media/afcc2e9cc23f9c2fbe07cc2fcbf063587058c117cd0375c0f15cd962054fb5c0.jpg",supergroup,13,"179,780"
"https://telegram.metodosdigitais.org/media/ad013fc387432ff35adae16ee07cc0d0d0e8d2b4d211a53dd28e1ebec01fd01f.jpg",supergroup,12,"314,338"
"https://telegram.metodosdigitais.org/media/adf431b174b060f470b064a53db02df12db23bb5653299451f7b4addd64ec20d.jpg",channel,11,"27,902"
"https://telegram.metodosdigitais.org/media/c54aac78fb871ea5842d1e30a7857a1778f1e52f07a0ad5a714287df5a019ead.jpg",channel,9,"9,783"
"https://telegram.metodosdigitais.org/media/96cf8fdf8bbf8f4fb0b93411795270206069cc21b69e86db8f163f0139657310.jpg",supergroup,7,"90,396"
"https://telegram.metodosdigitais.org/media/9fdd944198b3938c1093bcf30f1cc34d65c36da7e5f56d37371f982232688309.jpg",supergroup,7,"362,096"
"https://telegram.metodosdigitais.org/media/998c3f89999de6f0ae53b8eea644e653eb36b466c2c8ce4cac26a0f4c2428f17.jpg",supergroup,6,"241,818"
"https://telegram.metodosdigitais.org/media/e362b4b591a54a5a6da5b4a592d2496d64b464b492db4b6d6ca464d69b5b9b25.jpg",supergroup,6,"209,351.5"
"https://telegram.metodosdigitais.org/media/81d13f1f7e3ecae05b8f84a0353fa451c1f09b167a8a3eaeb621c7e1c156c856.jpg",supergroup,6,"134,892"
"https://telegram.metodosdigitais.org/media/a1ff81ff95bf2db77a00fe01ff00d4005acacb4035dddb4a028ab4216d067eb3.jpg",supergroup,6,"185,684.5"
"https://telegram.metodosdigitais.org/media/bbffc4457aeab1b2c40021f6dc03864c79b36e6ce1526ab9874cb49339ac7623.jpg",supergroup,6,"147,057"
"https://telegram.metodosdigitais.org/media/f6634bba43e514f47cb05b521b199709e4b8286b916bc53a4c365ee0ce438e77.jpg",supergroup,5,"327,802"
"https://telegram.metodosdigitais.org/media/d96da5dc6c86e3ade65fc986c33d3e88199e3323065b6319427b0c2278d9586b.jpg",supergroup,5,"333,775"
"https://telegram.metodosdigitais.org/media/ceeab191981d8c77b31ca44183558917a79ce773e287b11c30ef33d81ce3159b.jpg",supergroup,5,"338,857"
"https://telegram.metodosdigitais.org/media/eee0811f857742d82922d866ee5ee3a1c7f87c369b87065916a13d4f780f16c9.jpg",supergroup,5,"114,441"
"https://telegram.metodosdigitais.org/media/adf431b174b060f470b064a53db02df12db23bb5653299451f7b4addd64ec20d.jpg",supergroup,4,"559,302"
"https://telegram.metodosdigitais.org/media/96cf8fdf8bbf8f4fb0b93411795270206069cc21b69e86db8f163f0139657310.jpg",channel,4,"28,352"
"https://telegram.metodosdigitais.org/media/a5e1da971caa2b474adcc1ea875ec9c31ac795acce95bc1c9c3cac9c8d600cad.jpg",supergroup,4,"212,042.5"
"https://telegram.metodosdigitais.org/media/d400e5086aa1c5d02b5dc4812bfd6abd855e91bf95bf3957388f383bb12bd2a8.jpg",supergroup,4,"148,119"
"https://telegram.metodosdigitais.org/media/ddcd83ff03b668e84d634790ce34e0638489c61c91749df9f8c98384fca65a67.jpg",channel,4,"24,348"
"https://telegram.metodosdigitais.org/media/a7762666e602e220977391ff91ffd91769006d0019d619df9ddfc488c488f4cd.jpg",supergroup,4,"179,210"
"https://telegram.metodosdigitais.org/media/adfd31b0742060b470b064a09d958f5b4f4b9b0fc24b9b4e9a4fcacec64ec74b.jpg",supergroup,4,"182,724.5"
"https://telegram.metodosdigitais.org/media/b45af6f29b8d4f818672202cc9cfbf0fb0141cf7e1ab317ac978125af6830e85.jpg",supergroup,4,"336,801"
"https://telegram.metodosdigitais.org/media/c3672e6139f0871e3c8971e263d2960c9d2e0cc366d0c83d9c7366d2db5dd327.jpg",supergroup,4,"155,016"
"https://telegram.metodosdigitais.org/media/c4be369443dc095d1843b482eb0cecfd66f6937e0b4a694bb64933626d26c72d.jpg",supergroup,4,"890,717"
"https://telegram.metodosdigitais.org/media/c74187476a3c7cb89d63914e6a1e6af990f13886312e857c39dd78954ab395e2.jpg",supergroup,4,"314,282.5"
"https://telegram.metodosdigitais.org/media/88d3f6681f6dbc034a5750ee9cfcdc85e88b4dbc6188e9c0fd07eb02e702ed05.jpg",channel,4,"24,875.5"
"https://telegram.metodosdigitais.org/media/a7762666e602e220977391ff91ffd99769006d0019d619df9dcfc488c488f4cd.jpg",supergroup,4,"179,212"
"https://telegram.metodosdigitais.org/media/ad013fc387432ff35afae06ee07cc0d0d0e8d2b4d211a53dd28e1ebec01fd01f.jpg",supergroup,4,"934,127.5"
"https://telegram.metodosdigitais.org/media/e8aad45918eaa75c9698fb6ce30cb6bab2430739dab4234cf72c70d159625e31.jpg",channel,4,"40,606.5"
"https://telegram.metodosdigitais.org/media/998c3f89999de6f0ae53b8eea644e653eb36b466c2c8ce4cac26a0f4c2428f17.jpg",channel,3,"41,836"
"https://telegram.metodosdigitais.org/media/f6634bba43e514f47cb05b521b199709e4b8286b916bc53a4c365ee0ce438e77.jpg",channel,3,"40,040"
"https://telegram.metodosdigitais.org/media/993d3d62e40a2717bef16758800b94a3b576bf8195289889b7278cc4f6e1665f.jpg",channel,3,"41,979"
"https://telegram.metodosdigitais.org/media/993d3d62e40a2717bef16758800b94a3b576bf8195289889b7278cc4f6e1665f.jpg",supergroup,3,"466,587"
"https://telegram.metodosdigitais.org/media/9110844246ec39d9f83b26fc90216e936dfb582fa65fd28369aa696c2fbf92d0.jpg",supergroup,3,"184,886"
"https://telegram.metodosdigitais.org/media/a7772676e202f220957b91ff99bfd98269006dd019d699ff8c8dc488e4c894cd.jpg",supergroup,3,"180,283"
"https://telegram.metodosdigitais.org/media/d0036807681fc4436d4787b92ff80ff03b731ea03766923492b4356e32fc3b7e.jpg",supergroup,3,"206,034"
"https://telegram.metodosdigitais.org/media/89908e4fb93287f99e7f9cd966cd5324743370cdc30d89a42c8ea334cf32cd86.jpg",supergroup,3,"318,884"
"https://telegram.metodosdigitais.org/media/8e92e7821ee181485a75e16ef072d0f9d0a9f0f9e07e587ce54e9db842b4076e.jpg",supergroup,3,"70,638"
"https://telegram.metodosdigitais.org/media/8fc6b2cc36adcd245253a74e794cce72999376b1892d9cc44cb239cd666c9992.jpg",supergroup,3,"118,188"
"https://telegram.metodosdigitais.org/media/937943075cc45b0047877c7045871c70b87181e7b831c197a9bbb8fec7cf7b38.jpg",channel,3,"13,082"
"https://telegram.metodosdigitais.org/media/9ff8580f4a684be8c82fda6b83f8ca2ee00f37f0e40727d436d4b515b496a417.jpg",channel,3,"17,739"
"https://telegram.metodosdigitais.org/media/a5abaedfcf5c31e853d213848955857b85f125b10f388f29c259c3d8072f1da5.jpg",channel,3,"26,759"
"https://telegram.metodosdigitais.org/media/b00fe4f53f87f603bf10addd71fc63580b3b574c2090a2557681f68fe3d12218.jpg",channel,3,"39,984"
"https://telegram.metodosdigitais.org/media/c4c452a02d8c0bcdb5ba29793bfd4e3713f3c64b8fe6f884cc86fcc49442ee42.jpg",channel,3,"41,360"
"https://telegram.metodosdigitais.org/media/e99bc4b21e79ac9885343acbe14b5325f2d18542fc2ce8d75d4a78ed0746be18.jpg",channel,3,"41,986"
"https://telegram.metodosdigitais.org/media/ea5111aa34a16a4c6b961f45916615b92f6666594a7634e9c09c3ee6ead9ab67.jpg",channel,3,"29,586"
"https://telegram.metodosdigitais.org/media/83fb0f908dc40cd360bb8f909c5c63f463b09ceb9ce9660dbf05f1eab301f438.jpg",supergroup,3,"327,721"
"https://telegram.metodosdigitais.org/media/88ceb66c3ccda32c8b1c993322cccccfcf714cce4ce47316632e7333533349b2.jpg",channel,3,"40,004"
"https://telegram.metodosdigitais.org/media/9cdc1cdc325fa34bf36616e44cece403b3b21334133ce24be2cb31b65b24ae65.jpg",supergroup,3,"359,824"
"https://telegram.metodosdigitais.org/media/9fc0643fe03fe26c9fc00f83e47fc81fb1f01fc0c01f30f04aab5bb3ce07f140.jpg",channel,3,"59,972"
"https://telegram.metodosdigitais.org/media/be75afee1478601387ec70164a719d8a4a771d4aeb3eda486518d664958c4e37.jpg",supergroup,3,"459,639"
"https://telegram.metodosdigitais.org/media/bfc19e7cc07e1f81e03f1f830f81e07ed3701fc070ee60d3e003e11dc23e60fe.jpg",channel,3,"22,770"
"https://telegram.metodosdigitais.org/media/c8fce88e39a291e3337397e30f67af47a655a6e582eb90cab10a1d071495361d.jpg",supergroup,3,"246,333"
"https://telegram.metodosdigitais.org/media/d0112ef33febb950cc04c4853f76730705fbd01393b5d0290dc96bee726887ec.jpg",channel,3,"23,356"
"https://telegram.metodosdigitais.org/media/d230d5542ce6c151921126fd2cef325db28a34dc2fea594519ae91bed9ea0de6.jpg",supergroup,3,"210,006"
"https://telegram.metodosdigitais.org/media/dd56c2d52935e4b56a4e25979ab4c93286d17c8a19c599721f1da1cc99c7393c.jpg",channel,3,"58,125"
"https://telegram.metodosdigitais.org/media/e4869333834344ec2db338d3348c666cca6735be8ca0ccef38d0bf1331adcf5c.jpg",channel,3,"9,589"
"https://telegram.metodosdigitais.org/media/9fdd944198b3938c1093bcf30f1cc34d65c36da7e5f56d37371f982232688309.jpg",channel,2,"20,105"
"https://telegram.metodosdigitais.org/media/e362b4b591a54a5a6da5b4a592d2496d64b464b492db4b6d6ca464d69b5b9b25.jpg",channel,2,"24,291.5"
"https://telegram.metodosdigitais.org/media/d96da5dc6c86e3ade65fc986c33d3e88199e3323065b6319427b0c2278d9586b.jpg",channel,2,"40,939"
"https://telegram.metodosdigitais.org/media/a5e1da971caa2b474adcc1ea875ec9c31ac795acce95bc1c9c3cac9c8d600cad.jpg",channel,2,"41,221.5"
"https://telegram.metodosdigitais.org/media/d400e5086aa1c5d02b5dc4812bfd6abd855e91bf95bf3957388f383bb12bd2a8.jpg",channel,2,"25,576"
"https://telegram.metodosdigitais.org/media/ddcd83ff03b668e84d634790ce34e0638489c61c91749df9f8c98384fca65a67.jpg",supergroup,2,"122,090.5"
"https://telegram.metodosdigitais.org/media/9110844246ec39d9f83b26fc90216e936dfb582fa65fd28369aa696c2fbf92d0.jpg",channel,2,"24,831.5"
"https://telegram.metodosdigitais.org/media/a7772676e202f220957b91ff99bfd98269006dd019d699ff8c8dc488e4c894cd.jpg",channel,2,"9,705.5"
"https://telegram.metodosdigitais.org/media/d0036807681fc4436d4787b92ff80ff03b731ea03766923492b4356e32fc3b7e.jpg",channel,2,"21,006"
"https://telegram.metodosdigitais.org/media/996648d6c794a809b569c52994af965b76f996b81e96b6d2b09829ae6d047967.jpg",channel,2,"18,775.5"
"https://telegram.metodosdigitais.org/media/996648d6c794a809b569c52994af965b76f996b81e96b6d2b09829ae6d047967.jpg",supergroup,2,"125,463.5"
"https://telegram.metodosdigitais.org/media/b9f20f0e464340d9531a17e717901c919c879e1ec777c30fe90fcb0fc9e888fc.jpg",channel,2,"12,601.5"
"https://telegram.metodosdigitais.org/media/b9f20f0e464340d9531a17e717901c919c879e1ec777c30fe90fcb0fc9e888fc.jpg",supergroup,2,"387,902"
"https://telegram.metodosdigitais.org/media/c80a51442b99374ea6d527ba3568db27cdf481bb7e2a48bbd8d4c0ad748f4a9c.jpg",channel,2,"41,181.5"
"https://telegram.metodosdigitais.org/media/c80a51442b99374ea6d527ba3568db27cdf481bb7e2a48bbd8d4c0ad748f4a9c.jpg",supergroup,2,"605,027.5"
"https://telegram.metodosdigitais.org/media/d9ab09b3776a5d668f50fb295d5e211cf16994e6b689aa82e03a17a995f19441.jpg",channel,2,"41,707.5"
"https://telegram.metodosdigitais.org/media/d9ab09b3776a5d668f50fb295d5e211cf16994e6b689aa82e03a17a995f19441.jpg",supergroup,2,"461,497.5"
"https://telegram.metodosdigitais.org/media/e9b84abb5a3e6cf1e25bb26ccc657367e8cce64c33264c9059c627319399c864.jpg",channel,2,"15,872"
"https://telegram.metodosdigitais.org/media/e9b84abb5a3e6cf1e25bb26ccc657367e8cce64c33264c9059c627319399c864.jpg",supergroup,2,"261,905"
"https://telegram.metodosdigitais.org/media/925e9a5f41a095a0e1d8e8922c37c61ff768d3e89d4087e383ef85fca59c2cc3.jpg",channel,2,"17,334"
"https://telegram.metodosdigitais.org/media/939d54f51b5229c37c7c11fba5603ca652979796e68cc69ba1f26d2c2cb28386.jpg",supergroup,2,"1,005,457.5"
"https://telegram.metodosdigitais.org/media/9445681a0bbc33ebce81e23cbc46c681607c9ff6695bd22d6c0e94e61cf1b73c.jpg",supergroup,2,"706,959"
"https://telegram.metodosdigitais.org/media/987919686394e4ba2f4443a6b53b63923b2e87c9f6792f319781e06c9b666cc5.jpg",supergroup,2,"416,664"
"https://telegram.metodosdigitais.org/media/a4c48fff78002a617d557e1e9f6ac614f71a3958f68ec70bc588ea86690cf60a.jpg",channel,2,"41,869.5"
"https://telegram.metodosdigitais.org/media/a5ab8edfcf4c51e853d29b15815f81f325e135388f29ca79c3d80d2f3da421c4.jpg",channel,2,"87,921"
"https://telegram.metodosdigitais.org/media/a769349a8cc9d253666c1173dee74b6b363268cc322b6d2426733322cccddb36.jpg",channel,2,"41,048.5"
"https://telegram.metodosdigitais.org/media/a806aa940bd8e5f13c54e383b56d5458c3bbc83acd7983f8e5553c8ab3a2754d.jpg",channel,2,"60,694"
"https://telegram.metodosdigitais.org/media/a97e67db9ea13a2f415ac7d8283fa772d72218acb4c8e7914a37a064c5c2d893.jpg",channel,2,"10,842.5"
"https://telegram.metodosdigitais.org/media/abff2bf8c252c742856535a55bf2ca9a2abd29ddfc54d400c4002d2c3caffa43.jpg",channel,2,"10,747.5"
"https://telegram.metodosdigitais.org/media/abff4affcb7db402b402b5029442b572d3645a2c6a01d80067a136bf349fbb5b.jpg",supergroup,2,"148,764.5"
"https://telegram.metodosdigitais.org/media/afff618cd3081bfad2b4d9a129e3d0a128f33a73d0002ffb2dedd0852d5ab218.jpg",channel,2,"25,784.5"
"https://telegram.metodosdigitais.org/media/b0daca13cc8e936d86739b58cd1ccf0d9adb64f2642425b371a66cccb3966199.jpg",channel,2,"72,270"
"https://telegram.metodosdigitais.org/media/b5c54ab24aa3ad49175c2cba98b523c5cbdbc92a362c5c959e5673028d49daaf.jpg",supergroup,2,"81,733"
"https://telegram.metodosdigitais.org/media/b7746229e26c2f2c9b9b0fda948e999349a799e09c328e7b5a49cc9789c298d3.jpg",channel,2,"9,705"
"https://telegram.metodosdigitais.org/media/c6ecb9876a105c46097c7e034e3bad2d8218c73d7b8aa5ad92cae3bfc34c7852.jpg",supergroup,2,"232,134"
"https://telegram.metodosdigitais.org/media/cc99ed921a65536a4fb5e4ba23d61ba2954f9a4d7a413e820c9be492f2b45a65.jpg",supergroup,2,"596,354.5"
"https://telegram.metodosdigitais.org/media/cfbfca65907d4bffcb85da6c00fd9b454ea440f9d81d0ec4a181742a6adaf300.jpg",supergroup,2,"198,251"
"https://telegram.metodosdigitais.org/media/d0036807681fc4436d4787b90ff80ff03b731ea83766923492b4356e32fc3b7e.jpg",supergroup,2,"192,283"
"https://telegram.metodosdigitais.org/media/d28f8f558975528e5a9a5aa69755589a66857af9cd66ce58c990762e65788d01.jpg",channel,2,"76,282.5"
"https://telegram.metodosdigitais.org/media/d9b2266638c964cb6730ccce666123999b2699b399e1cd8e671966e19986cd9e.jpg",channel,2,"34,456"
"https://telegram.metodosdigitais.org/media/efbbf21b8666e48db99bdb66a5062c7dc8e143839636162498d31ace641991bc.jpg",supergroup,2,"190,238"
"https://telegram.metodosdigitais.org/media/83dc01695c838c92af58936fa2e9cac9a176857aceab9a91be5dd1e0e9a22c97.jpg",channel,2,"10,910.5"
"https://telegram.metodosdigitais.org/media/87ed4ba9c9017e6de27c9db4c7d227feb1de740adc2ad82a5829500d60a5f891.jpg",channel,2,"17,913.5"
"https://telegram.metodosdigitais.org/media/88a5ca495bde35b5b55a55afcb4ac25f354bb414c16a48824b7c34cbb795887a.jpg",channel,2,"10,723.5"
"https://telegram.metodosdigitais.org/media/89f48498628a7e771d6fe25318aad956c9993892614d499afc4d059eeea97555.jpg",channel,2,"48,462"
"https://telegram.metodosdigitais.org/media/8a6ef8a4458a2b65a314035a2b3df47fb7d8b81bdc43ecc88ed39f62a1c869c4.jpg",channel,2,"24,721.5"
"https://telegram.metodosdigitais.org/media/8d77b2fba3fd4d27b3e3e25d1da740a3bd08c698a5821c48a258a5c41cee3e58.jpg",channel,2,"20,102"
"https://telegram.metodosdigitais.org/media/9fa1443ed0be1b018fd56855e055bb01cfadd0abd0af13a05e81e03f3fc1ee54.jpg",channel,2,"16,468"
"https://telegram.metodosdigitais.org/media/9fc14c3f483fe07f72f11fb01fa106e0c88fe03f3bc04f4cb3178d46f055e148.jpg",supergroup,2,"81,570"
"https://telegram.metodosdigitais.org/media/a00abf77be51c6d16ec82cc84ce3dff02e662e6ca665664cdb9617a245c66621.jpg",channel,2,"18,074"
"https://telegram.metodosdigitais.org/media/a64f31bb599b965e666de7ca9ba4cec92666e991139a8a64d9919992990c8d91.jpg",channel,2,"42,172.5"
"https://telegram.metodosdigitais.org/media/a8d968529b44927c76116698ddb7b135e52ccb4d598b9623a586a9cd4a39d6ae.jpg",channel,2,"13,455.5"
"https://telegram.metodosdigitais.org/media/abef4acad092b455ad74c9b4b29732ebe94876487207c910ad0db524d0b22bff.jpg",channel,2,"10,547.5"
"https://telegram.metodosdigitais.org/media/adfeb9b47910e4ee5a018bf70e429bcb0b57d78ad2eea0557c6034aa2d3d7400.jpg",supergroup,2,"141,842.5"
"https://telegram.metodosdigitais.org/media/b5992b664e5bf724587846d2f70418bd74ade382182d165be1b2b84b8d20eadf.jpg",channel,2,"18,226"
"https://telegram.metodosdigitais.org/media/b66c698c5cb69a732185ce5c61712787267e9271e1859b9ec8716683665fb664.jpg",channel,2,"43,050.5"
"https://telegram.metodosdigitais.org/media/b8396ecd8443951b85164a36c9b149b2c1b27376c36c732ebf3eb1f096447327.jpg",channel,2,"91,438.5"
"https://telegram.metodosdigitais.org/media/b90b9d1fd4ccb0f06d78c6a113c71d06e697c751cf09c62e8e5a4f193725b630.jpg",channel,2,"18,560"
"https://telegram.metodosdigitais.org/media/bbb8b908b0f790c791f0dbc6da864d4f6d0fa59e8dbe44b8d4c4cc842660ee54.jpg",channel,2,"18,545.5"
"https://telegram.metodosdigitais.org/media/bc5752385dc6a6437398319d4ad2a5cd6b983332588dad42c661cc4e5eb5ad73.jpg",channel,2,"70,776.5"
"https://telegram.metodosdigitais.org/media/bc73e3c643e03c3bc388c638681ee3dc39c739c73c708fa33e332c38c38c698e.jpg",channel,2,"458,926.5"
"https://telegram.metodosdigitais.org/media/bfbfa04243792cbe376e8999d2460d3f72d3c36098cf792c2f61c26ef8010f88.jpg",channel,2,"10,909.5"
"https://telegram.metodosdigitais.org/media/bfc095b8d1031fe0e4ec684b943bb62fe46f606fd01fc03fc00fc88d4a33c7e1.jpg",channel,2,"18,544.5"
"https://telegram.metodosdigitais.org/media/bffe2ffeb480d4a1d6139a7368dae149c648cf24c120e1b4c1a49f6dc94ff042.jpg",channel,2,"16,399.5"
"https://telegram.metodosdigitais.org/media/c00070ea851c5eed7b9e6a741b92694543b3b1df966fb53296cd1b3ac884cb4d.jpg",supergroup,2,"72,949.5"
"https://telegram.metodosdigitais.org/media/c0013d7138fc4fbf1f8bf03a467f8ec2717cbc20d030d81e2fc76273985929c7.jpg",supergroup,2,"155,624.5"
"https://telegram.metodosdigitais.org/media/c23118303fce0f863cc99279e3339331d2746b91678c3e4e2e6e36cb6cf17135.jpg",channel,2,"25,078"
"https://telegram.metodosdigitais.org/media/c3834881e8aae4fc726c7aa9986d287254f2bfb249960db3db9a0bcf084f99b6.jpg",channel,2,"33,647"
"https://telegram.metodosdigitais.org/media/c792bad7386de7096fb9b8749a41c29ae78565861a52386475ae6ab330a53c6c.jpg",channel,2,"24,100"
"https://telegram.metodosdigitais.org/media/c8dfadd14b485f9aa5a63649d69292a72c6d96da3324947d9396b686e4191353.jpg",channel,2,"12,914.5"
"https://telegram.metodosdigitais.org/media/ca4b8505254c9cf5f4ad88cfd6bb95dc9494f6b51ca4e3510a96b59a475312b5.jpg",channel,2,"46,332.5"
"https://telegram.metodosdigitais.org/media/cccedff87903cc20a0070e56c63b837984eef318c3d8c2ed79c0e5b663cb94d2.jpg",channel,2,"43,048.5"
"https://telegram.metodosdigitais.org/media/cce69b134c59466a774c76d44b12f922968bb6d96b6274aab193b911f489e68a.jpg",channel,2,"10,596"
"https://telegram.metodosdigitais.org/media/d26dad2a2dd4925fd69ae925575a30554b2ae1256e9d16f2154b2a4949bee153.jpg",channel,2,"45,121"
"https://telegram.metodosdigitais.org/media/d40046aba54256bab50342a4395e85fd4a4f2b5d4a6dcb556afde9555a742b65.jpg",channel,2,"24,832.5"
"https://telegram.metodosdigitais.org/media/d55570aab4f5a575e18d488f294d9c5516d0629859badba7570a374b4b2b9f10.jpg",supergroup,2,"572,554.5"
"https://telegram.metodosdigitais.org/media/d633195433b9fe02084e3bed3c43fc03c33bc7be49c4f292903396fc81b4f986.jpg",channel,2,"67,216.5"
"https://telegram.metodosdigitais.org/media/dc9c4ac7373e3c615333b19e66669c3913e7633cf0d80f67ad1130ce63582531.jpg",channel,2,"46,459.5"
"https://telegram.metodosdigitais.org/media/eaa9c2c19156fd0fbf0d5f6a97a8293e01eb2155ac8617f1b8188e8d8555837e.jpg",supergroup,2,"644,579.5"
"https://telegram.metodosdigitais.org/media/ed08d2ac3ec74d4b0eb91af59e94e206e0b80ef5f085e294d083a0e70dfdad75.jpg",channel,2,"66,556"
"https://telegram.metodosdigitais.org/media/eeae85558155a05591456bae4a6a7bfa6b546a6ed0003bff8455215f84562ebe.jpg",supergroup,2,"84,479"
"https://telegram.metodosdigitais.org/media/eefa66f2fc06f25587c9b105b695c8b5c9251d80953dcd8de0513467c762156a.jpg",channel,2,"22,698"
"https://telegram.metodosdigitais.org/media/f20c34f9cb26939d0bc38c368e594898dcb1de6124e17ccb4ee391a6bc4dadd4.jpg",channel,2,"18,243"
"https://telegram.metodosdigitais.org/media/f370932dcc32cd9bc69bc8cc18e12470367262e6cb67c7333a3e311c333dc393.jpg",supergroup,2,"361,066.5"
"https://telegram.metodosdigitais.org/media/f70ccc7d4c61a0f15348671e621d971bcb3a3dc7934f9e1934c9cb0c24ccdacc.jpg",channel,2,"45,766"
"https://telegram.metodosdigitais.org/media/afcc2e9cc23f9c2fbe07cc2fcbf063587058c117cd0375c0f15cd962054fb5c0.jpg",channel,1,"139,563"
"https://telegram.metodosdigitais.org/media/a7762666e602e220977391ff91ffd91769006d0019d619df9ddfc488c488f4cd.jpg",channel,1,"18,902"
"https://telegram.metodosdigitais.org/media/adfd31b0742060b470b064a09d958f5b4f4b9b0fc24b9b4e9a4fcacec64ec74b.jpg",channel,1,"13,623"
"https://telegram.metodosdigitais.org/media/b45af6f29b8d4f818672202cc9cfbf0fb0141cf7e1ab317ac978125af6830e85.jpg",channel,1,"142,906"
"https://telegram.metodosdigitais.org/media/c3672e6139f0871e3c8971e263d2960c9d2e0cc366d0c83d9c7366d2db5dd327.jpg",channel,1,"23,406"
"https://telegram.metodosdigitais.org/media/c4be369443dc095d1843b482eb0cecfd66f6937e0b4a694bb64933626d26c72d.jpg",channel,1,"41,630"
"https://telegram.metodosdigitais.org/media/c74187476a3c7cb89d63914e6a1e6af990f13886312e857c39dd78954ab395e2.jpg",channel,1,"23,665"
"https://telegram.metodosdigitais.org/media/89908e4fb93287f99e7f9cd966cd5324743370cdc30d89a42c8ea334cf32cd86.jpg",channel,1,"4,733"
"https://telegram.metodosdigitais.org/media/8e92e7821ee181485a75e16ef072d0f9d0a9f0f9e07e587ce54e9db842b4076e.jpg",channel,1,"15,060"
"https://telegram.metodosdigitais.org/media/8fc6b2cc36adcd245253a74e794cce72999376b1892d9cc44cb239cd666c9992.jpg",channel,1,"41,990"
"https://telegram.metodosdigitais.org/media/937943075cc45b0047877c7045871c70b87181e7b831c197a9bbb8fec7cf7b38.jpg",supergroup,1,"53,830"
"https://telegram.metodosdigitais.org/media/9ff8580f4a684be8c82fda6b83f8ca2ee00f37f0e40727d436d4b515b496a417.jpg",supergroup,1,"464,882"
"https://telegram.metodosdigitais.org/media/a5abaedfcf5c31e853d213848955857b85f125b10f388f29c259c3d8072f1da5.jpg",supergroup,1,"162,594"
"https://telegram.metodosdigitais.org/media/b00fe4f53f87f603bf10addd71fc63580b3b574c2090a2557681f68fe3d12218.jpg",supergroup,1,"455,459"
"https://telegram.metodosdigitais.org/media/c4c452a02d8c0bcdb5ba29793bfd4e3713f3c64b8fe6f884cc86fcc49442ee42.jpg",supergroup,1,"980,059"
"https://telegram.metodosdigitais.org/media/e99bc4b21e79ac9885343acbe14b5325f2d18542fc2ce8d75d4a78ed0746be18.jpg",supergroup,1,"186,658"
"https://telegram.metodosdigitais.org/media/ea5111aa34a16a4c6b961f45916615b92f6666594a7634e9c09c3ee6ead9ab67.jpg",supergroup,1,"131,302"
"https://telegram.metodosdigitais.org/media/925e9a5f41a095a0e1d8e8922c37c61ff768d3e89d4087e383ef85fca59c2cc3.jpg",supergroup,1,"39,874"
"https://telegram.metodosdigitais.org/media/939d54f51b5229c37c7c11fba5603ca652979796e68cc69ba1f26d2c2cb28386.jpg",channel,1,"41,972"
"https://telegram.metodosdigitais.org/media/9445681a0bbc33ebce81e23cbc46c681607c9ff6695bd22d6c0e94e61cf1b73c.jpg",channel,1,"57,958"
"https://telegram.metodosdigitais.org/media/987919686394e4ba2f4443a6b53b63923b2e87c9f6792f319781e06c9b666cc5.jpg",channel,1,"28,366"
"https://telegram.metodosdigitais.org/media/a4c48fff78002a617d557e1e9f6ac614f71a3958f68ec70bc588ea86690cf60a.jpg",supergroup,1,"1,008,186"
"https://telegram.metodosdigitais.org/media/a5ab8edfcf4c51e853d29b15815f81f325e135388f29ca79c3d80d2f3da421c4.jpg",supergroup,1,"473,608"
"https://telegram.metodosdigitais.org/media/a769349a8cc9d253666c1173dee74b6b363268cc322b6d2426733322cccddb36.jpg",supergroup,1,"968,108"
"https://telegram.metodosdigitais.org/media/a806aa940bd8e5f13c54e383b56d5458c3bbc83acd7983f8e5553c8ab3a2754d.jpg",supergroup,1,"11,665"
"https://telegram.metodosdigitais.org/media/a97e67db9ea13a2f415ac7d8283fa772d72218acb4c8e7914a37a064c5c2d893.jpg",supergroup,1,"476,413"
"https://telegram.metodosdigitais.org/media/abff2bf8c252c742856535a55bf2ca9a2abd29ddfc54d400c4002d2c3caffa43.jpg",supergroup,1,"295,632"
"https://telegram.metodosdigitais.org/media/abff4affcb7db402b402b5029442b572d3645a2c6a01d80067a136bf349fbb5b.jpg",channel,1,"86,841"
"https://telegram.metodosdigitais.org/media/afff618cd3081bfad2b4d9a129e3d0a128f33a73d0002ffb2dedd0852d5ab218.jpg",supergroup,1,"205,696"
"https://telegram.metodosdigitais.org/media/b0daca13cc8e936d86739b58cd1ccf0d9adb64f2642425b371a66cccb3966199.jpg",supergroup,1,"114,486"
"https://telegram.metodosdigitais.org/media/b5c54ab24aa3ad49175c2cba98b523c5cbdbc92a362c5c959e5673028d49daaf.jpg",channel,1,"23,401"
"https://telegram.metodosdigitais.org/media/b7746229e26c2f2c9b9b0fda948e999349a799e09c328e7b5a49cc9789c298d3.jpg",supergroup,1,"357,514"
"https://telegram.metodosdigitais.org/media/c6ecb9876a105c46097c7e034e3bad2d8218c73d7b8aa5ad92cae3bfc34c7852.jpg",channel,1,"41,197"
"https://telegram.metodosdigitais.org/media/cc99ed921a65536a4fb5e4ba23d61ba2954f9a4d7a413e820c9be492f2b45a65.jpg",channel,1,"41,983"
"https://telegram.metodosdigitais.org/media/cfbfca65907d4bffcb85da6c00fd9b454ea440f9d81d0ec4a181742a6adaf300.jpg",channel,1,"21,279"
"https://telegram.metodosdigitais.org/media/d0036807681fc4436d4787b90ff80ff03b731ea83766923492b4356e32fc3b7e.jpg",channel,1,"20,907"
"https://telegram.metodosdigitais.org/media/d28f8f558975528e5a9a5aa69755589a66857af9cd66ce58c990762e65788d01.jpg",supergroup,1,"241,998"
"https://telegram.metodosdigitais.org/media/d9b2266638c964cb6730ccce666123999b2699b399e1cd8e671966e19986cd9e.jpg",supergroup,1,"53,872"
"https://telegram.metodosdigitais.org/media/efbbf21b8666e48db99bdb66a5062c7dc8e143839636162498d31ace641991bc.jpg",channel,1,"74,649"
"https://telegram.metodosdigitais.org/media/8317ad3cf4e4155ce3480eb858f21b4f7b8bca9ae2999571876533b41b17d126.jpg",channel,1,"139,501"
"https://telegram.metodosdigitais.org/media/8317ad3cf4e4155ce3480eb858f21b4f7b8bca9ae2999571876533b41b17d126.jpg",supergroup,1,"473,944"
"https://telegram.metodosdigitais.org/media/86ef4ba9c9017f6de27c9db4c7d027feb1d8744adc22d82b1829500f6427f885.jpg",channel,1,"13,593"
"https://telegram.metodosdigitais.org/media/86ef4ba9c9017f6de27c9db4c7d027feb1d8744adc22d82b1829500f6427f885.jpg",supergroup,1,"11,469"
"https://telegram.metodosdigitais.org/media/87c001ff7a0203bd342dfe00017ffcc612b9fca57a3a3c563d2fb3006aff7a80.jpg",channel,1,"31,648"
"https://telegram.metodosdigitais.org/media/87c001ff7a0203bd342dfe00017ffcc612b9fca57a3a3c563d2fb3006aff7a80.jpg",supergroup,1,"209,305"
"https://telegram.metodosdigitais.org/media/8e30b8ce99db4f22b8c6038cd8f44523bc0f4633ac334e71be7d03e4b92d73b1.jpg",channel,1,"23,447"
"https://telegram.metodosdigitais.org/media/8e30b8ce99db4f22b8c6038cd8f44523bc0f4633ac334e71be7d03e4b92d73b1.jpg",supergroup,1,"332,328"
"https://telegram.metodosdigitais.org/media/95b585f28e5285b495e1c3f8c296b6856b4e38d260f47c853ca76e9364e5c8b3.jpg",channel,1,"41,560"
"https://telegram.metodosdigitais.org/media/95b585f28e5285b495e1c3f8c296b6856b4e38d260f47c853ca76e9364e5c8b3.jpg",supergroup,1,"329,779"
"https://telegram.metodosdigitais.org/media/96c1e92f3c5a52a56d06e8b8c2d216966c353c73373eeb249212135bf3c9b783.jpg",channel,1,"41,046"
"https://telegram.metodosdigitais.org/media/96c1e92f3c5a52a56d06e8b8c2d216966c353c73373eeb249212135bf3c9b783.jpg",supergroup,1,"969,143"
"https://telegram.metodosdigitais.org/media/9796c79e7869386165966932924ee796cd389a589c69cc61718661b6669933de.jpg",channel,1,"74,645"
"https://telegram.metodosdigitais.org/media/9796c79e7869386165966932924ee796cd389a589c69cc61718661b6669933de.jpg",supergroup,1,"357,944"
"https://telegram.metodosdigitais.org/media/9ff8580f4a684be8c82fda6b83f8ca3ee00f37f0e40727d436d4b415b496a417.jpg",channel,1,"5,094"
"https://telegram.metodosdigitais.org/media/9ff8580f4a684be8c82fda6b83f8ca3ee00f37f0e40727d436d4b415b496a417.jpg",supergroup,1,"53,888"
"https://telegram.metodosdigitais.org/media/a3dade81db20a96054ada617c4e3fddaa98d81ce99f0f5ba8dcce0ea623860b8.jpg",channel,1,"57,059"
"https://telegram.metodosdigitais.org/media/a3dade81db20a96054ada617c4e3fddaa98d81ce99f0f5ba8dcce0ea623860b8.jpg",supergroup,1,"114,253"
"https://telegram.metodosdigitais.org/media/a91bf8d80703d9e4e3324dc3c725e71bcf27f72d691c1124979c701c31b47b8c.jpg",channel,1,"41,267"
"https://telegram.metodosdigitais.org/media/a91bf8d80703d9e4e3324dc3c725e71bcf27f72d691c1124979c701c31b47b8c.jpg",supergroup,1,"456,063"
"https://telegram.metodosdigitais.org/media/a9b59ed8e72ba97e1ad40221de52915e95ba1e6b1aa766946d4a296b14ae16e1.jpg",channel,1,"26,770"
"https://telegram.metodosdigitais.org/media/a9b59ed8e72ba97e1ad40221de52915e95ba1e6b1aa766946d4a296b14ae16e1.jpg",supergroup,1,"103,960"
"https://telegram.metodosdigitais.org/media/abff91ff91ff12ff9da27b09fc00fe00f201e508d40a6e7142b60a77d428e508.jpg",channel,1,"13,841"
"https://telegram.metodosdigitais.org/media/abff91ff91ff12ff9da27b09fc00fe00f201e508d40a6e7142b60a77d428e508.jpg",supergroup,1,"286,238"
"https://telegram.metodosdigitais.org/media/adfd31b0742060b470b064a09d958f5b4f4b9b0fc24b934eda4fcacec64ec74b.jpg",channel,1,"17,277"
"https://telegram.metodosdigitais.org/media/adfd31b0742060b470b064a09d958f5b4f4b9b0fc24b934eda4fcacec64ec74b.jpg",supergroup,1,"975,620"
"https://telegram.metodosdigitais.org/media/afef94546beb68eb961465abc804d010c4826620d0162fef367c27d72df87a1f.jpg",channel,1,"4,665"
"https://telegram.metodosdigitais.org/media/afef94546beb68eb961465abc804d010c4826620d0162fef367c27d72df87a1f.jpg",supergroup,1,"239,397"
"https://telegram.metodosdigitais.org/media/afff5e01c04bd40290dd3af92fff2727d14a915ed290c2f1e60001feb50c217f.jpg",channel,1,"20,417"
"https://telegram.metodosdigitais.org/media/afff5e01c04bd40290dd3af92fff2727d14a915ed290c2f1e60001feb50c217f.jpg",supergroup,1,"457,461"
"https://telegram.metodosdigitais.org/media/b2473bdf53288e389931c4668db366334ccb9930ccdf26cc98c964ce9d91645f.jpg",channel,1,"41,044"
"https://telegram.metodosdigitais.org/media/b2473bdf53288e389931c4668db366334ccb9930ccdf26cc98c964ce9d91645f.jpg",supergroup,1,"472,874"
"https://telegram.metodosdigitais.org/media/b4b4cb6a4f55148a4e9aab4b5b4d174f64ea6a8b294b1234d468a0fbc0b7b5b5.jpg",channel,1,"41,177"
"https://telegram.metodosdigitais.org/media/b4b4cb6a4f55148a4e9aab4b5b4d174f64ea6a8b294b1234d468a0fbc0b7b5b5.jpg",supergroup,1,"177,765"
"https://telegram.metodosdigitais.org/media/baabcbea311fc75049a5c053d4158876cec6345fcf803bedfa20398cb3506fa1.jpg",channel,1,"13,625"
"https://telegram.metodosdigitais.org/media/baabcbea311fc75049a5c053d4158876cec6345fcf803bedfa20398cb3506fa1.jpg",supergroup,1,"161,751"
"https://telegram.metodosdigitais.org/media/babcea956f0591ab83236b156b4dc9e22d37671518c298e3b533318c2cc965f3.jpg",channel,1,"12,838"
"https://telegram.metodosdigitais.org/media/babcea956f0591ab83236b156b4dc9e22d37671518c298e3b533318c2cc965f3.jpg",supergroup,1,"240,203"
"https://telegram.metodosdigitais.org/media/bd463942a6f9463dc43dc6b303c4b1c778461c529c332d2ddd3de429e291d3dc.jpg",channel,1,"23,604"
"https://telegram.metodosdigitais.org/media/bd463942a6f9463dc43dc6b303c4b1c778461c529c332d2ddd3de429e291d3dc.jpg",supergroup,1,"790,225"
"https://telegram.metodosdigitais.org/media/bd7eba8081be67905609fa1ca4b04b7473025ddd8ce5ea33d958dcc694476ac6.jpg",channel,1,"41,450"
"https://telegram.metodosdigitais.org/media/bd7eba8081be67905609fa1ca4b04b7473025ddd8ce5ea33d958dcc694476ac6.jpg",supergroup,1,"457,903"
"https://telegram.metodosdigitais.org/media/be98bff9a632003e6edd558719d808a84a47550b50f780274a0f1fe33d703f7c.jpg",channel,1,"3,023"
"https://telegram.metodosdigitais.org/media/be98bff9a632003e6edd558719d808a84a47550b50f780274a0f1fe33d703f7c.jpg",supergroup,1,"1,005,764"
"https://telegram.metodosdigitais.org/media/bff1c8aacc666355b33ac466965d331987a19ce73199331a6cc5c074b319c2cd.jpg",channel,1,"3,022"
"https://telegram.metodosdigitais.org/media/bff1c8aacc666355b33ac466965d331987a19ce73199331a6cc5c074b319c2cd.jpg",supergroup,1,"1,005,763"
"https://telegram.metodosdigitais.org/media/c4009d9837d946663b7ffccc327303663c4433db3c3613861a7933b31d3213bf.jpg",channel,1,"26,722"
"https://telegram.metodosdigitais.org/media/c4009d9837d946663b7ffccc327303663c4433db3c3613861a7933b31d3213bf.jpg",supergroup,1,"931,487"
"https://telegram.metodosdigitais.org/media/c4c1ed4cf2e70e34e2d20d5d794617ec70a28e3163d18c5a9ce5725e332dd723.jpg",channel,1,"141,786"
"https://telegram.metodosdigitais.org/media/c4c1ed4cf2e70e34e2d20d5d794617ec70a28e3163d18c5a9ce5725e332dd723.jpg",supergroup,1,"53,821"
"https://telegram.metodosdigitais.org/media/c5044b2cc869ac503ebfd423ca3207af73c9f0c9263e7378e84b3da7d4b8ea16.jpg",channel,1,"27,995"
"https://telegram.metodosdigitais.org/media/c5044b2cc869ac503ebfd423ca3207af73c9f0c9263e7378e84b3da7d4b8ea16.jpg",supergroup,1,"462,714"
"https://telegram.metodosdigitais.org/media/c628bf74e13f639eb99819d085c8ec664d860bc2966322ef347c18791fee1cac.jpg",channel,1,"44,895"
"https://telegram.metodosdigitais.org/media/c628bf74e13f639eb99819d085c8ec664d860bc2966322ef347c18791fee1cac.jpg",supergroup,1,"179,944"
"https://telegram.metodosdigitais.org/media/cc5eeccc4e995e386aa2cc74ee0361a1a115275ae458722fc1b078cfbc5d63f2.jpg",channel,1,"31,633"
"https://telegram.metodosdigitais.org/media/cc5eeccc4e995e386aa2cc74ee0361a1a115275ae458722fc1b078cfbc5d63f2.jpg",supergroup,1,"209,262"
"https://telegram.metodosdigitais.org/media/cccfd8c8e0d9cf12dc52cbd9d60f72628ffbe61ee20223980704fdd75e115881.jpg",channel,1,"41,549"
"https://telegram.metodosdigitais.org/media/cccfd8c8e0d9cf12dc52cbd9d60f72628ffbe61ee20223980704fdd75e115881.jpg",supergroup,1,"940,756"
"https://telegram.metodosdigitais.org/media/cfd9afdb8bd98fde6c22cc220d2089300f022d305d0a4f27b1ed1a6792f9de4e.jpg",channel,1,"14,103"
"https://telegram.metodosdigitais.org/media/cfd9afdb8bd98fde6c22cc220d2089300f022d305d0a4f27b1ed1a6792f9de4e.jpg",supergroup,1,"267,976"
"https://telegram.metodosdigitais.org/media/d215d0a7c2c127403ddadd7d476df4d19388faaa6cefd645bdf2cb002520d852.jpg",channel,1,"41,181"
"https://telegram.metodosdigitais.org/media/d215d0a7c2c127403ddadd7d476df4d19388faaa6cefd645bdf2cb002520d852.jpg",supergroup,1,"455,177"
"https://telegram.metodosdigitais.org/media/d40096c835dab55136dab652b4cba55aa55a12fb95baa56f94ab48b588dd4a35.jpg",channel,1,"20,593"
"https://telegram.metodosdigitais.org/media/d40096c835dab55136dab652b4cba55aa55a12fb95baa56f94ab48b588dd4a35.jpg",supergroup,1,"356,447"
"https://telegram.metodosdigitais.org/media/d4018357f73c48a82bef2274d4bd08312bc73fa848abbf142bad7ab16aea8d0b.jpg",channel,1,"17,691"
"https://telegram.metodosdigitais.org/media/d4018357f73c48a82bef2274d4bd08312bc73fa848abbf142bad7ab16aea8d0b.jpg",supergroup,1,"165,844"
"https://telegram.metodosdigitais.org/media/d460b4436b1c03be3bde3fc3c3e961bc2b1694a6b5636a49d42fec843e46d4e0.jpg",channel,1,"31,695"
"https://telegram.metodosdigitais.org/media/d460b4436b1c03be3bde3fc3c3e961bc2b1694a6b5636a49d42fec843e46d4e0.jpg",supergroup,1,"209,615"
"https://telegram.metodosdigitais.org/media/d4ed11fbed401e412799df4e2e0524e4d25ec925c9d74b5e6923a0dce96662c5.jpg",channel,1,"41,135"
"https://telegram.metodosdigitais.org/media/d4ed11fbed401e412799df4e2e0524e4d25ec925c9d74b5e6923a0dce96662c5.jpg",supergroup,1,"454,655"
"https://telegram.metodosdigitais.org/media/d4f2a6bf0b0f1f40b4f0783b580a2911d2adc9e826fdd95a670f6952d2d49587.jpg",channel,1,"10,011"
"https://telegram.metodosdigitais.org/media/d4f2a6bf0b0f1f40b4f0783b580a2911d2adc9e826fdd95a670f6952d2d49587.jpg",supergroup,1,"73,993"
"https://telegram.metodosdigitais.org/media/e01f91ce0f707b180f701bffc833c7040cc7c89fe1c6f1041f981ff0f070e47f.jpg",channel,1,"4,727"
"https://telegram.metodosdigitais.org/media/e01f91ce0f707b180f701bffc833c7040cc7c89fe1c6f1041f981ff0f070e47f.jpg",supergroup,1,"240,143"
"https://telegram.metodosdigitais.org/media/eafb95506afe70639f0170057aab1f8dc0410fea0fd4e0532ffe0d7ec1020f1d.jpg",channel,1,"12,834"
"https://telegram.metodosdigitais.org/media/eafb95506afe70639f0170057aab1f8dc0410fea0fd4e0532ffe0d7ec1020f1d.jpg",supergroup,1,"240,173"
"https://telegram.metodosdigitais.org/media/f13cd31cdb1e48696ce1c4c30e598e6c5864f1c6638e32dc172d3b7371332799.jpg",channel,1,"26,727"
"https://telegram.metodosdigitais.org/media/f13cd31cdb1e48696ce1c4c30e598e6c5864f1c6638e32dc172d3b7371332799.jpg",supergroup,1,"455,664"
"https://telegram.metodosdigitais.org/media/f4cd1b365b691aec3d45e534ec32e496a4c906c4c1cc49c358cb4dcbf795bc30.jpg",channel,1,"41,244"
"https://telegram.metodosdigitais.org/media/f4cd1b365b691aec3d45e534ec32e496a4c906c4c1cc49c358cb4dcbf795bc30.jpg",supergroup,1,"357,671"
"https://telegram.metodosdigitais.org/media/8001787c1fff88b8c1ee69fcd6d03fc94c428681667ae67d6e65ac470e3ccd30.jpg",channel,1,"17,139"
"https://telegram.metodosdigitais.org/media/809f57622ae43730c58baec77f60a8f0d50a089f7e75c8ec3b4ec89bc275e864.jpg",channel,1,"23,291"
"https://telegram.metodosdigitais.org/media/80fe870dbde2025e953946aaea5d7f82ff0d08f6018ff9316ac6f139408ef071.jpg",channel,1,"10,391"
"https://telegram.metodosdigitais.org/media/8103e11d09ec3fec7e72f0122f96a0852be9eb6990035cbec47edbf691638ca3.jpg",channel,1,"17,524"
"https://telegram.metodosdigitais.org/media/810f4713fe4b1ba4aef854bcf8642da32447b07361aea61334e5fac80b98ee7c.jpg",channel,1,702
"https://telegram.metodosdigitais.org/media/81789e8527ea2f171ec1b54aedbd26c8e1a979996f16721362540666c4f3d9b8.jpg",channel,1,"23,356"
"https://telegram.metodosdigitais.org/media/82168622dd5cf08a74ebdcbd4e30e701e75d37f226a2b522957ea9fe18c55485.jpg",channel,1,"23,301"
"https://telegram.metodosdigitais.org/media/8248f582ba200a3d296e4ac8a9b7b81794fb49bda111dc4a57fbacf5d83d7a0b.jpg",supergroup,1,"164,819"
"https://telegram.metodosdigitais.org/media/82aaf18b2ee233f46f1892e16cfe6b00d3b6c04f978bec64808b9634bdfb0fa0.jpg",channel,1,"17,379"
"https://telegram.metodosdigitais.org/media/8343957174cc6dce5af2429b53ae3a7e1f9e70e83c68610ec2b9cae3e08e1a3c.jpg",channel,1,"22,293"
"https://telegram.metodosdigitais.org/media/83dbbe276da0787f4ec935b45a9fa951563f18c0a43cf847b13852e6445347a8.jpg",channel,1,"23,270"
"https://telegram.metodosdigitais.org/media/84052ea65ddfd5585bb2e259323a732b62a5f22aa4473774b6188c782bedd8e2.jpg",channel,1,"17,059"
"https://telegram.metodosdigitais.org/media/844f624e72522cb56bb1c3316da897316f1efd4aac45c6f54cce9b505ab532b0.jpg",channel,1,"78,920"
"https://telegram.metodosdigitais.org/media/847fac67bbd783bdb339881984e74c669c664afdb13b339b1b1068c44ce6c442.jpg",channel,1,"16,001"
"https://telegram.metodosdigitais.org/media/84a7a3390ccd712f1da5c66bf02ff4a4854bba447927565b5a4d6826d2b32a9d.jpg",channel,1,"17,314"
"https://telegram.metodosdigitais.org/media/8550d600fe005aa26a9b81f62aff48bf81ff3c4d35666e1d2e243f1d252729bb.jpg",channel,1,"84,190"
"https://telegram.metodosdigitais.org/media/85547e0a68887c06b73199d0b707c3787c3e63796cce867d95ba81dc322b8dd5.jpg",channel,1,"41,396"
"https://telegram.metodosdigitais.org/media/85552c8d0ff7adc56cc9f914f060f050f272d278f272937ad25293f9f8008be6.jpg",channel,1,"23,354"
"https://telegram.metodosdigitais.org/media/861320be4bc1b517cbabf84c14da4b3eb521cecd7a3ab5d3113ae885ed0d0ad3.jpg",channel,1,"17,537"
"https://telegram.metodosdigitais.org/media/8650ed6886033439e7d2f5507e807f81ee057e5479454f01bf2bed4147fec4d4.jpg",supergroup,1,"242,118"
"https://telegram.metodosdigitais.org/media/86666969796596374e6c69ac86a793593159c5a6e79e3259319379a466187b86.jpg",supergroup,1,"938,577"
"https://telegram.metodosdigitais.org/media/866fa0365b69b4cac69b24a492dadec934b2aa5b28e5573e9164af3428d35769.jpg",channel,1,"23,496"
"https://telegram.metodosdigitais.org/media/86ef4bebcb037e6d627d9dbcc7d227fe31dc7412dc02d82a3029500d60a7f881.jpg",channel,1,"78,860"
"https://telegram.metodosdigitais.org/media/873ab4c84e8b292439edcba74947114b8effced86841c61947de2fd819e289e6.jpg",supergroup,1,"166,190"
"https://telegram.metodosdigitais.org/media/8758b64b47a705b238300ce64fb19a6f6aec3339726c6a141b772e6539d6b139.jpg",channel,1,"22,432"
"https://telegram.metodosdigitais.org/media/87ff1e00fe0017b8f90005ffc1e701fff880e900c17f58bdf80018f72dff291d.jpg",supergroup,1,"473,716"
"https://telegram.metodosdigitais.org/media/87ff6050ea00fc00835585ff817fd46af8000bd7746a0aff57fa4eaff801fe00.jpg",channel,1,"13,681"
"https://telegram.metodosdigitais.org/media/884762a1e8ae1fb92d8ee99615eb364c1ef42b19556664aa4f398c37e273530b.jpg",channel,1,"17,453"
"https://telegram.metodosdigitais.org/media/88e9771750401d6b3ec2613d1ab9a7c7e23c193352b6a41ddbcb35e2446e9be1.jpg",channel,1,"208,608"
"https://telegram.metodosdigitais.org/media/898a5249b8a6261b7aae0d9f6f29d6909f6183740ebff07a05d4e8a1a663df46.jpg",channel,1,"26,623"
"https://telegram.metodosdigitais.org/media/89d20dc609f29737014caf982bd82114b61162ed36cc61f9eead63f3e61fb278.jpg",channel,1,"4,964"
"https://telegram.metodosdigitais.org/media/89d3faccba7953a9199124d0e714b931e6211ccc59332c66a6aed3ba99ae98ce.jpg",channel,1,"10,409"
"https://telegram.metodosdigitais.org/media/89d5c2fb1f3d7e08fa72322c22ce88b7bcb089e5812e2a759c1ba5fa01b5c3e4.jpg",channel,1,"41,195"
"https://telegram.metodosdigitais.org/media/8b0aba8a91920d2ec72976c3782adb6a396b59d5795cb151297b8f4a7592ca53.jpg",channel,1,"5,431"
"https://telegram.metodosdigitais.org/media/8b665252edfbe88c011b3fefa9c070384f90b00e06baf75521ea76aced51928f.jpg",supergroup,1,"243,287"
"https://telegram.metodosdigitais.org/media/8b82a6977b84f2888def5c71942fea79e3bec5c811151833f66df169e563800c.jpg",channel,1,"23,541"
"https://telegram.metodosdigitais.org/media/8b82b6977b8dda088c7f5d73a439a9e8e3981dc616401bb7e6eae7cc01920e96.jpg",channel,1,"14,078"
"https://telegram.metodosdigitais.org/media/8b8a5ee8f811191798779e3c9668f0a8838dc36f4390ebd6614087ef30d31fcf.jpg",channel,1,"9,678"
"https://telegram.metodosdigitais.org/media/8be386c968323326989b7b33312633b3cb19ccccd89333338db0ce73c639ccb3.jpg",channel,1,"40,973"
"https://telegram.metodosdigitais.org/media/8cc06ccf4d6b5254b5a877bab3576b0ca99476b196626d2bca45b392b225259b.jpg",channel,1,"6,515"
"https://telegram.metodosdigitais.org/media/8cd92a3338ce264e7331c4667373770cdd5ad9d158878c7e4ab9222788cbcaad.jpg",channel,1,"41,428"
"https://telegram.metodosdigitais.org/media/8d5552aeb6808d7570be75820f7a98f7337625983c07c27cb581538a4a7f7c8c.jpg",channel,1,"17,328"
"https://telegram.metodosdigitais.org/media/8e189b17c25b2d7131efa2da3c6390e33c42b1e138c6738ec3dedd06c3b32c39.jpg",channel,1,"76,071"
"https://telegram.metodosdigitais.org/media/8e29e4d1de95e3cb1d7836084b572e3be214536e1d6a9324b38c8f5cc079f233.jpg",supergroup,1,"7,754"
"https://telegram.metodosdigitais.org/media/8e3ab26453870d9972c516ae8c387270cfaeb461ca73719bb1ccd9cae317631c.jpg",channel,1,"20,544"
"https://telegram.metodosdigitais.org/media/8e3ab26453870d9972c517ae8c387270cfaeb461ca73719bb1cc99cae317631c.jpg",channel,1,"28,067"
"https://telegram.metodosdigitais.org/media/8f0fec0c866b33b84cc0fa33a9e627e19de805321acb4ab0c71cd65f7127d4cb.jpg",channel,1,"23,612"
"https://telegram.metodosdigitais.org/media/8f609be1b44f9e19f61bc1bfe0b4e0c7e1f061c468730b70e1c94b7b794085e9.jpg",channel,1,"44,052"
"https://telegram.metodosdigitais.org/media/8faf72aa782a851570f05ab93d15ad57f0c150c1d9493d15e93866f987468f4e.jpg",channel,1,"22,651"
"https://telegram.metodosdigitais.org/media/8ff99227f80707f8d224880ec7f879cfd2060dd91bb3e004ed4bc6950feae41d.jpg",supergroup,1,"367,291"
"https://telegram.metodosdigitais.org/media/8ffc13874766ac997157312b5a96ad2d5a12353b73b833454ca6dd1852b98c72.jpg",channel,1,"9,586"
"https://telegram.metodosdigitais.org/media/8fff07ff93fe86fe2b9f6801f803dc02c800c1c0cf741bf46be11bfec402f002.jpg",channel,1,"18,594"
"https://telegram.metodosdigitais.org/media/8fff6bea9404c00585d585f1e1e27e2af8020dfc5ed17e177a3e70a8897cc185.jpg",channel,1,"4,061"
"https://telegram.metodosdigitais.org/media/8ffff002bc822f3be0201dc43a1042e72cef351987f734ce4f19eb530276f48d.jpg",channel,1,"40,509"
"https://telegram.metodosdigitais.org/media/9002e56eb3ecc17abc371ab64ec891416c131abf4e49679b9037552dccc93e97.jpg",channel,1,"5,419"
"https://telegram.metodosdigitais.org/media/9045cdb3f440783a57bb2340c547778a7ad01f7ba4359ed48d6d62526a15953f.jpg",channel,1,"13,397"
"https://telegram.metodosdigitais.org/media/904be3141c3dbe436b14196b68f441ecc5c8f4906b3686ed6b9b4b4cb7a3ec36.jpg",channel,1,"22,488"
"https://telegram.metodosdigitais.org/media/908420ef2f788f3c52301beb48c96c616ce7e106931fdc2160febfc42ff78e58.jpg",supergroup,1,"209,366"
"https://telegram.metodosdigitais.org/media/91013f3f3c7e603dc46ac604c440c4c4c07e35093ba13bfe3bbb3bb535ebe05d.jpg",channel,1,"3,217"
"https://telegram.metodosdigitais.org/media/911864616f6f919a6a84e761b4794a9639a8c64b5a75999866ef6ab699d8646d.jpg",channel,1,"4,995"
"https://telegram.metodosdigitais.org/media/9132e1194e6f0e660e6595e619d40db9a97a99d7f081772876465a16d8bdb1b5.jpg",channel,1,"23,313"
"https://telegram.metodosdigitais.org/media/9154cc037ec2233c3e1377fa486d339efd670a412ebe7ef3890cd145c19adc0c.jpg",channel,1,"17,296"
"https://telegram.metodosdigitais.org/media/91645e96692d9b593e665c0da291b56fcb1056b6a1d1a77c92b269a1a514badb.jpg",channel,1,"40,996"
"https://telegram.metodosdigitais.org/media/9198339dd4077c660788d46ea6eaec8c70498efaf689c18a63f7fec9c00b2793.jpg",channel,1,"41,130"
"https://telegram.metodosdigitais.org/media/9199b1bb15f396641bb69b90ec5a0349b14955acc33ff24fb6e01cf1169d2c0b.jpg",channel,1,"17,225"
"https://telegram.metodosdigitais.org/media/91adbbb5f81144af3f6ac53227666348d662367748343a6429adbe911ea51b8d.jpg",supergroup,1,"951,573"
"https://telegram.metodosdigitais.org/media/91af64e53a521e422f344996c673667b918cd23b91e9e6ce391b6ec14b643b34.jpg",channel,1,"23,346"
"https://telegram.metodosdigitais.org/media/91c14e467881117d1e5e7e1a235ab01a1f7eee09a39a85ace5ecf7b2b49cc0a7.jpg",channel,1,"23,145"
"https://telegram.metodosdigitais.org/media/92341a4ba3ac407e66b4a50c5aebf93ac6ded88281f4d66e6876e54b4a24a1ff.jpg",supergroup,1,"601,862"
"https://telegram.metodosdigitais.org/media/92bef2a37388a403255da5d7f15ca9c3ca184f5f955735ca4720dd4a1a26dcaa.jpg",channel,1,"8,614"
"https://telegram.metodosdigitais.org/media/92ca67d09d25ef3ad25aaf0d66be9d4526be996000fb3f8a083b27875c1721e4.jpg",channel,1,"41,220"
"https://telegram.metodosdigitais.org/media/92cbed343c3a83cb78f06dfaed35c2c28780b6584d34f70b872eda490165f2c9.jpg",channel,1,"26,632"
"https://telegram.metodosdigitais.org/media/92cbed343c3a83cb78f06dfaed35c2c28780f6584d34d70b872eda490165f2c9.jpg",channel,1,"23,263"
"https://telegram.metodosdigitais.org/media/9386a64c297afc8e6c6b6d0964f9c0bef38601ad06b9fb9093559bd6da21c329.jpg",channel,1,"9,585"
"https://telegram.metodosdigitais.org/media/9387e6a71a705a94656f98793c696d6a949c4b2d36839839e96a67961b07d694.jpg",channel,1,"23,490"
"https://telegram.metodosdigitais.org/media/939da7244fc5bacd9d3cb4d862639b476792893a381d09bdc0596b46e3c0eca3.jpg",channel,1,"13,423"
"https://telegram.metodosdigitais.org/media/940208e71572bab14ad6523e9b67e83c1b6bab5dad42955ab569e285b8b3cc53.jpg",channel,1,"17,135"
"https://telegram.metodosdigitais.org/media/9423c0262bdc37d95b674a779699c138d867b5cb63089cf89c5fc234c3f42956.jpg",channel,1,"17,639"
"https://telegram.metodosdigitais.org/media/943f907e6bc06f85947a332d952f90726fe14d8378d81d9d924db07a6725c323.jpg",channel,1,"17,344"
"https://telegram.metodosdigitais.org/media/944094674b186bbe33eb95c36ea1621cb03ebc4f9403c069a37d19e63fd313f9.jpg",channel,1,"23,761"
"https://telegram.metodosdigitais.org/media/9447c8082bbcb7e36ee1e03cbc47c449633c3ff71179680fe64694619cb0e71e.jpg",channel,1,"23,602"
"https://telegram.metodosdigitais.org/media/944e410ebed27bb2827ee6614b653e89702d46e9bb9178d9c6233f2678989257.jpg",channel,1,"22,791"
"https://telegram.metodosdigitais.org/media/9450c903ac6056be2b2e56f2296370306cef152b4b9e36af3178eeb697d1cba4.jpg",channel,1,"5,412"
"https://telegram.metodosdigitais.org/media/94636e024bbc3bd3cde1633cbc06d4696a0c94a63bd295b96b1fc7af68419568.jpg",channel,1,"13,069"
"https://telegram.metodosdigitais.org/media/9488ee54f067d11f72db99411b681f2dff07d9260bf0c13ed1b28b6277262607.jpg",channel,1,"41,518"
"https://telegram.metodosdigitais.org/media/9488eed4e067c11f72dbe0d130e81e69bec95e0f3fc1803dd09989f1d9f09b07.jpg",channel,1,"27,332"
"https://telegram.metodosdigitais.org/media/94a73cf1b41fc7904be463492bfcd5b663507a4e6c81858cb2529e731d26c59b.jpg",channel,1,"22,648"
"https://telegram.metodosdigitais.org/media/94c834cea336cb301e81b2034a73c81134ff96fe8c8e8fe35ecb8ccc48fec8eb.jpg",channel,1,"28,357"
"https://telegram.metodosdigitais.org/media/952a33456ed5b5a2f5ba211146e6de24175339266aeccc981cfc8b62e51e4377.jpg",channel,1,"17,358"
"https://telegram.metodosdigitais.org/media/954068e8a3dff0c04e2f4a3e4fa420d77aae844559fef20948fa5e36b0ad23de.jpg",channel,1,"22,647"
"https://telegram.metodosdigitais.org/media/954095403668b73c81fd4bff4ab748936a9568917813fc01b36a9562b56e3b7e.jpg",channel,1,"13,646"
"https://telegram.metodosdigitais.org/media/954517a968a135162f5ef05b6acaca161ffa35e0d1254afb811c3ce6c3739ba8.jpg",channel,1,"17,422"
"https://telegram.metodosdigitais.org/media/954f004bfafed2fd5131a540fd426977a454ac9e55904333c2ea6ac93999b92e.jpg",channel,1,"13,639"
"https://telegram.metodosdigitais.org/media/9551a65c623fe14342ee193e4da990c23b1996293ed296cd6b63969e62eee1e1.jpg",channel,1,"9,812"
"https://telegram.metodosdigitais.org/media/955546555a941e9f667a4b6a632a25a565a5d914d111cc690cfb3fda4eeac42b.jpg",channel,1,"16,991"
"https://telegram.metodosdigitais.org/media/955a97d0c27dfa2534ae3ccf7c17722e6f354815e4ceac509c6c18ba9f188964.jpg",channel,1,"22,645"
"https://telegram.metodosdigitais.org/media/95ea9555401f435aa6d34bccdc34e66b4384ee332dacb642dbd13c30d56c3ae8.jpg",channel,1,"26,373"
"https://telegram.metodosdigitais.org/media/9648f84b9ca1f465685f974f3384869d96b73ca02333d63a4a8d03a3b45c5d7b.jpg",channel,1,"23,321"
"https://telegram.metodosdigitais.org/media/9664412c4cb3b70f9b447c3f4b834e7fd7e8844133ff38f0609a37b030516f99.jpg",channel,1,"5,409"
"https://telegram.metodosdigitais.org/media/9687968763cbc9a69e6658f968c9661c261c91c39b866c7669e072db9699858f.jpg",channel,1,"23,337"
"https://telegram.metodosdigitais.org/media/969678791e1e61e56969e925878587ab7a78c79e9694c609c793b5b46944290f.jpg",channel,1,"22,173"
"https://telegram.metodosdigitais.org/media/97c65ac73e53712bf5393b3913a1c2d6944fcac606c18d9d903a35f16ab2245b.jpg",channel,1,"13,118"
"https://telegram.metodosdigitais.org/media/98d24cabcdbf3cd626cdb3c9622ea744403cbf6442e8d4eba5595e3023b74662.jpg",channel,1,"27,058"
"https://telegram.metodosdigitais.org/media/98e79e251c9398c26b6c63496d5969b263267d3ce4d99c8b992693361ca3e4d3.jpg",channel,1,"41,553"
"https://telegram.metodosdigitais.org/media/9913a44476e41bfa4bb74aadf908b546ecc991b302ff34c944eb2463ec51e599.jpg",channel,1,"13,084"
"https://telegram.metodosdigitais.org/media/9970854197379d386ad8702b25f1d7a722c7716a68a833ff526be892b7b1e148.jpg",channel,1,"13,336"
"https://telegram.metodosdigitais.org/media/99869be66649e48a27f3e2193663ce6734180f989de6d8269fe70e981c9c07f8.jpg",channel,1,"23,303"
"https://telegram.metodosdigitais.org/media/9994bb75b9db1f667248cc0262489b46aad96a530fcf7419852bf04817bfb4b2.jpg",supergroup,1,"40,099"
"https://telegram.metodosdigitais.org/media/9999b3266d9924ce3366db363267cc99664e4499dc6636671b3871c6c7186cc3.jpg",channel,1,"17,221"
"https://telegram.metodosdigitais.org/media/999deef567d8b1186837cc62bd02f10f281e0e2387693b3c978cc60087791f7b.jpg",channel,1,"10,092"
"https://telegram.metodosdigitais.org/media/99ab9ad1ccaaa6ce05f25d97a666fd4730aa9757b629a5463d3f04c8f5178020.jpg",channel,1,"23,385"
"https://telegram.metodosdigitais.org/media/99dcead567e83118a8174c73bc62710bd83e2e03872b1f7d933c978cc6128779.jpg",channel,1,"8,942"
"https://telegram.metodosdigitais.org/media/99e4865114aa72571d2ee253eb131caed95ee4992a9a766e07b9be23346507b2.jpg",channel,1,"22,463"
"https://telegram.metodosdigitais.org/media/9a6dcdb242991b246c92f649631c1cce3e677371219a9d8cde67d33121bc2ec6.jpg",channel,1,"78,476"
"https://telegram.metodosdigitais.org/media/9b13db1b14b424c05c8a16b5a6d646ead2b577d4e5a661289bed247fad301f26.jpg",supergroup,1,"980,969"
"https://telegram.metodosdigitais.org/media/9b21a6cc91ccd2f094b649219d2cf992e731c056804ff8d277d8792775cf0f87.jpg",channel,1,"4,236"
"https://telegram.metodosdigitais.org/media/9b984565ec92a673da6cb35b99246c30a61384c99993936d99b65b4f24d62b5b.jpg",channel,1,"23,818"
"https://telegram.metodosdigitais.org/media/9c3c7d0569a70af81f08e3af3414bcbe85cf5aead241f3001f858d156d3be43c.jpg",supergroup,1,"61,566"
"https://telegram.metodosdigitais.org/media/9c5a61a4cb9c9e7b7687613eca27c4ee22853f9162796643d6a69b40ad994e46.jpg",channel,1,"26,584"
"https://telegram.metodosdigitais.org/media/9d29729ad9e81e234af75c928cfe998c1bc949cb7c08e1fee70c626c42655af0.jpg",channel,1,"21,919"
"https://telegram.metodosdigitais.org/media/9d7080671e8751b642dc6fd8611a9b0e9feb8133637c274fb31394fdd4812e89.jpg",channel,1,"22,543"
"https://telegram.metodosdigitais.org/media/9dca5d2f2dcb7b28a9082d7387fcd5dffe2c76d3d2003604327e084702d286ec.jpg",channel,1,"17,124"
"https://telegram.metodosdigitais.org/media/9e68de6a74ebb169913cd12c90e6fda4dda0d98099c89d920dee8c8b8cd70f4c.jpg",channel,1,"12,846"
"https://telegram.metodosdigitais.org/media/9f81443e50aa17a29faac4bfb1b89fa087e9c83fb1523fc1e01f3bc12e55a154.jpg",channel,1,"12,871"
"https://telegram.metodosdigitais.org/media/9f81443e50aa53a29baac4bfb1b89fa88fe9c83f31721fc1e01f3bc16e15a154.jpg",channel,1,"12,866"
"https://telegram.metodosdigitais.org/media/9f81443e50aa5ba29baad4aeb0f89fa08eeac83fb1723fc0e01f3bc16f15a154.jpg",channel,1,"12,868"
"https://telegram.metodosdigitais.org/media/9f8158ba54aed0bed0abd6a88f803f813f406807c07f2fc12b55af54a955af55.jpg",supergroup,1,"25,242"
"https://telegram.metodosdigitais.org/media/9fa1dcdec05ee03ee17f3fe1cc8cc029a560e036a57e8ccc73a1178198c878be.jpg",channel,1,"23,350"
"https://telegram.metodosdigitais.org/media/9fc1e43fe03fe07e85421fc18540f295e03f1fc072b56e3f5a81e06ce15ec21d.jpg",channel,1,"23,348"
"https://telegram.metodosdigitais.org/media/9fe0503f402f53e04bf04fd5601f23d4275529d57815601f3fc0b7ea96aad03f.jpg",channel,1,"84,270"
"https://telegram.metodosdigitais.org/media/9fe0641fe01ff01f855097e085d0f2b5e01f1fe072bd4f2f5aa0e852e01fe04f.jpg",channel,1,"12,781"
"https://telegram.metodosdigitais.org/media/9fe0c01fe01f259b0fee17e0e01f8d523abf5aad1fe0f029e55ee5025ae0f804.jpg",channel,1,"17,943"
"https://telegram.metodosdigitais.org/media/9fe1c03fe07e07a00fc972a0e03f3fc072b5c381e540e07e1f4b5aa518fea55e.jpg",channel,1,"23,835"
"https://telegram.metodosdigitais.org/media/9ff85c0b542a17e8dc2acc0a97ea96ebe41f836d07f0f80761153bf0c80733f4.jpg",channel,1,"5,005"
"https://telegram.metodosdigitais.org/media/9ffea050e001f8008bd585fac9fff46ae0010ffd346a17fd17fa5e87f805e001.jpg",channel,1,"13,678"
"https://telegram.metodosdigitais.org/media/a1fd742070c60fd7d0082b5f968bce48da1d8fdbe51072b3a5f074842dc7d3f0.jpg",channel,1,"3,278"
"https://telegram.metodosdigitais.org/media/a3dade81db20a96054ada617e4e3fddaa98d81ce99f0f5ba8dcce0e8623860b8.jpg",channel,1,"4,675"
"https://telegram.metodosdigitais.org/media/a4f38649f0cdf4c38b25fd4c3d4723b053de13f7139ed466cc6f010eb4355a08.jpg",channel,1,"23,603"
"https://telegram.metodosdigitais.org/media/a50c0c930fdd132621d77231e004f4e3ec97bf2419ef8f9858e7dcccc0cfcccc.jpg",channel,1,"23,331"
"https://telegram.metodosdigitais.org/media/a5b737b79124f086ca06e3b55aeacd3b614deda42791c0dc0e74ff800e42e372.jpg",supergroup,1,"53,803"
"https://telegram.metodosdigitais.org/media/a5c39b6b1e3ea4be6380bd051375ca4a35def80c8623a549c4f7a3d7e702a235.jpg",channel,1,"4,106"
"https://telegram.metodosdigitais.org/media/a5ca4f5458b55a09a5f0785ec7aba5f2e3855af4387b1e40a5954a5a7129b52b.jpg",channel,1,"23,460"
"https://telegram.metodosdigitais.org/media/a5e15e971daa6b45cab8e54acf524ad31cadc8a5bc1c941e8e1c8d604cadcdae.jpg",channel,1,"41,025"
"https://telegram.metodosdigitais.org/media/a5e1da971caa2b474adcc1ea871ec9c31ac795acce95bc1c9c3cac9c8d680cad.jpg",channel,1,"41,322"
"https://telegram.metodosdigitais.org/media/a5f0b1b56051e0ea5acb0bdf0e4f53ca23fd605561f4708065f139d552aac7da.jpg",supergroup,1,"227,974"
"https://telegram.metodosdigitais.org/media/a5f5b1a06055c74e1b4d0f4f0f09335f60a074a035fc6c038fae9b0fd60a9f5f.jpg",supergroup,1,"178,329"
"https://telegram.metodosdigitais.org/media/a5ff21b5602462d55b0b4f0f5b0a630d7284708574a03db565b5a1378b7fca9f.jpg",channel,1,"171,008"
"https://telegram.metodosdigitais.org/media/a65ae6f09b8d7f81b4720827cd4fbf1d22544ceee1ea1152ca5816936ea50e75.jpg",channel,1,"23,368"
"https://telegram.metodosdigitais.org/media/a7772666e202f220b17b91ff99bfd98269006dd019d699df9c8dc488e4c8b4cd.jpg",supergroup,1,"88,810"
"https://telegram.metodosdigitais.org/media/a7772676e602f220957b91ff99bfd98269006dd019d699ff8c8dc488e4c890cd.jpg",channel,1,"10,412"
"https://telegram.metodosdigitais.org/media/a80070bfd816c82abbab25ff1553d184ceaa9927b54d665832966c7cad6d9a55.jpg",channel,1,"13,074"
"https://telegram.metodosdigitais.org/media/a904ca4269c7848dc4c175a055e9b4ad843da49597221d2b776cb7ed8bf68fb6.jpg",channel,1,"23,323"
"https://telegram.metodosdigitais.org/media/a91bf8d80703d9e4e3324dc3c725e71bcf27f72d691c11a4978c701c31b47b8c.jpg",channel,1,"23,329"
"https://telegram.metodosdigitais.org/media/a9aa5693b9a6261f72bc099ae701d2a09fd3b3650abbfc1aa144cb83f22307dd.jpg",channel,1,"23,539"
"https://telegram.metodosdigitais.org/media/aa392a3544976deabaf5783c711a28259ddf4acee3c83d6898e4d4532883b1cb.jpg",channel,1,"17,543"
"https://telegram.metodosdigitais.org/media/aac8237e27521a7763bf695f9c7b21a30942669049a1e659c9b4d6e1d48ed16d.jpg",channel,1,"9,561"
"https://telegram.metodosdigitais.org/media/aaebe12a3c3a68eb2c79312e3cf80c51ea9e9f5063c50e51d7140ee7d3c09756.jpg",supergroup,1,"367,581"
"https://telegram.metodosdigitais.org/media/aaff0c57952804bb8c5c1d166e883eb97eb27ec8fb02f38ce145b1cdc090338f.jpg",channel,1,"23,850"
"https://telegram.metodosdigitais.org/media/ab46970c5eb3f1c9484a7b267182783974d1c6e99f6dadb30267184788ef056e.jpg",channel,1,"23,331"
"https://telegram.metodosdigitais.org/media/abd495a24ab2324996439d3fd0f466616dcec5b01e96caf31a7ac1ac1e15c6e5.jpg",channel,1,"41,887"
"https://telegram.metodosdigitais.org/media/abd495aa4ab2324996439d3fd0f466616dcec5b01e96caf31a7ac1ac1e14c6e5.jpg",supergroup,1,"69,061"
"https://telegram.metodosdigitais.org/media/abdf09d4d18ad70a950e63edd2f42d5e2a03782168d52c7ed620d421fc726af5.jpg",channel,1,"4,070"
"https://telegram.metodosdigitais.org/media/abfb2ffb582bd6a5cf85410ff850c9409754c058f55c835e97c5d425d0246f98.jpg",supergroup,1,"245,957"
"https://telegram.metodosdigitais.org/media/abfddf02952a0db7c2def024c2d3857035639ac3e0680e9d2f37a4223d93372d.jpg",channel,1,"17,190"
"https://telegram.metodosdigitais.org/media/abfe815497b68778cc5869bc39f317a28d046c5ce4d058abd92b6f12a644d8cd.jpg",supergroup,1,"72,092"
"https://telegram.metodosdigitais.org/media/abff4bfd4bfd4b3deb313642b480b402f402b44a9442b55ab5dac1c20be66ba4.jpg",channel,1,"9,631"
"https://telegram.metodosdigitais.org/media/abff528ff112815481853e0dd46887786e2d7b9e5b9601bb78237aa5a364d554.jpg",channel,1,"4,054"
"https://telegram.metodosdigitais.org/media/ac00c095e3cadb49ce0d751c6a2e09dc85baac48b473bce455d3cec6e645eee5.jpg",channel,1,"9,695"
"https://telegram.metodosdigitais.org/media/ad019fc3af415adae068e074d0f0d2e8c011a52d5a8e861fd01f3fbe69dbe167.jpg",supergroup,1,"934,782"
"https://telegram.metodosdigitais.org/media/ad7a9279023166043eb09703f81f68f9bd99b8f8bcc82c81e5e394a5996373a7.jpg",channel,1,"67,097"
"https://telegram.metodosdigitais.org/media/ad7dcfbc13d3a3377c48396f644916c409bb589233fc6c193f701059c1e413d6.jpg",supergroup,1,"80,116"
"https://telegram.metodosdigitais.org/media/addfb5395ea33189d22bf84cb189b0f1ca419f8ec544cc6ed4e086a358c7c339.jpg",supergroup,1,"1,004,859"
"https://telegram.metodosdigitais.org/media/adf431b0703060f470b064a09db69d5b4f5b9b1fc34b934e9a4fca4ec24ec64f.jpg",channel,1,"16,178"
"https://telegram.metodosdigitais.org/media/adfcb13d7c20a07d7820a5fd5c8089df4fd29b0bc3dfc24292cf4ecad20746c2.jpg",channel,1,"2,297"
"https://telegram.metodosdigitais.org/media/adfd31b0742060b470b064a09d978f5b4f4b9b0fc24b934e9a4fcacec64ec74b.jpg",channel,1,"15,988"
"https://telegram.metodosdigitais.org/media/adfd3930743c60005adb8ec39fcb8b5b468a92dff4002dfd7c202df53d20287d.jpg",channel,1,"78,884"
"https://telegram.metodosdigitais.org/media/adfdbd287130703070606da41c8d0fff4e17937bd2429ac4caded68886dfde02.jpg",channel,1,"9,583"
"https://telegram.metodosdigitais.org/media/adfe31b07000ce4f9b4b8f4b9b5ef0b0e4b03cb48f5a4bcbdb4b424a1ac878b1.jpg",supergroup,1,"90,306"
"https://telegram.metodosdigitais.org/media/ae81d7080a91b464d2b9ee4b1496db46c5399893396f66b69a5a3926f197c69b.jpg",channel,1,"23,621"
"https://telegram.metodosdigitais.org/media/aeffb104e2776eb7d1881b71e4004eee9d114e6aa7141b2bc4e62f51b11a0cf5.jpg",channel,1,"17,706"
"https://telegram.metodosdigitais.org/media/afcc2f9cc23f9c2fbe07cc2fcbf063587058c117cd0374c0f15cd962054fb5c0.jpg",supergroup,1,"295,954"
"https://telegram.metodosdigitais.org/media/afefb0514c7772aa8557d0a042c76d89987004eb2b5bed669a9c137eef20d01d.jpg",supergroup,1,"362,884"
"https://telegram.metodosdigitais.org/media/aff03db574a060f570b060f51ca22f713f221f95cc6a8174d27ac8ddc68e8f0d.jpg",channel,1,"10,410"
"https://telegram.metodosdigitais.org/media/aff46affc541940ef003d4099002c3a26a3983f5b1578ffd76a77623e5d2e106.jpg",channel,1,"9,609"
"https://telegram.metodosdigitais.org/media/affcf00061f0e0245a1b8fefde0f8b5bca0f934dc46e7c0027fd702125f47c31.jpg",channel,1,"139,191"
"https://telegram.metodosdigitais.org/media/affd993f95c0d80b6b6d2ee4d01387e8c1036e61e017e664c10387eaf0172ef5.jpg",supergroup,1,"601,888"
"https://telegram.metodosdigitais.org/media/afff358fa555d210d0804ae8ca69c569c0497aaa52909018b5123dbf2fb72fef.jpg",channel,1,"4,083"
"https://telegram.metodosdigitais.org/media/afff93bd91fe60ee93fbc0dec7f6e664197dfc00ea01398368017801b503c401.jpg",channel,1,"13,562"
"https://telegram.metodosdigitais.org/media/afffb5042bfe0eabd10425fbcb41e1bc94422b3e84143fc2a51d9de2230fc133.jpg",supergroup,1,"872,902"
"https://telegram.metodosdigitais.org/media/afffb9029b873a8695343d1d4b5a351a63b36a3c63a96138c2b6eb52d509e421.jpg",channel,1,"16,112"
"https://telegram.metodosdigitais.org/media/b01e978a0c210fabe7db2b650aab635fcbc1f0daf7276fc16212e84e6cc5d204.jpg",channel,1,"41,255"
"https://telegram.metodosdigitais.org/media/b078d0755ba6e1878383a993a5d38f59ad4595cf3b0ba1a40a9fa85d89d56a56.jpg",channel,1,"41,516"
"https://telegram.metodosdigitais.org/media/b0c31cf3738c27cd771c23db3624994cc7b2324dc1b49b039dbcd9906faf9890.jpg",channel,1,"4,071"
"https://telegram.metodosdigitais.org/media/b103b26d88d0db8307ccb41ffa4953f449261f81ac9bf6cff00edf2c4dd118cc.jpg",channel,1,"23,865"
"https://telegram.metodosdigitais.org/media/b20d60e4b7063313734d636ccb349b328cb264c2e873cccb3787d31c72cc67b7.jpg",channel,1,"23,379"
"https://telegram.metodosdigitais.org/media/b21c678305d37a7afd1d07a210c3e8c94216ed9207c8936cff0f6dcd197097f8.jpg",channel,1,"32,791"
"https://telegram.metodosdigitais.org/media/b25b2266db2904f2d4a5479ba395c60f3dda430c2e7179768cb43961ca2f71d3.jpg",channel,1,"23,558"
"https://telegram.metodosdigitais.org/media/b2a29352aff5cc3a4c0a0cfd52e0e665f10f397b77e26094e09e074f991968f8.jpg",channel,1,"23,388"
"https://telegram.metodosdigitais.org/media/b2e68b19cf1f26e6d249f01f8798a721f04fa2e605e2c81f731c86f9346ecca2.jpg",channel,1,"19,596"
"https://telegram.metodosdigitais.org/media/b3a1b97f360c2680ab8fbd00952fe2a054158383bc6eb26976f9d2db52d256ea.jpg",channel,1,"23,296"
"https://telegram.metodosdigitais.org/media/b3cc8ece8c73297585ce3dca37ac362c1c27b2d5ccdc92d6f254c2487242cb33.jpg",channel,1,"22,890"
"https://telegram.metodosdigitais.org/media/b3cea14e2c61ca312a338cce8cce2e4e318ed7827731733551bcd23bd8b95ccc.jpg",channel,1,"44,707"
"https://telegram.metodosdigitais.org/media/b3cf18e3c73cc3346734f3344731b633ccb3ccd1cc514cc99ce38cc3cccc30cc.jpg",channel,1,"23,396"
"https://telegram.metodosdigitais.org/media/b3ef4aaa94523549c934d285d003ad1a255bda35c8a9669a37f66f6d4dda3262.jpg",channel,1,"17,464"
"https://telegram.metodosdigitais.org/media/b3f3ff2c6e4ca75299a501d3183c464ce6c3dc2cebd3152c182d02dbd4ab42d7.jpg",channel,1,"19,437"
"https://telegram.metodosdigitais.org/media/b487319361d266c271c364d69c9b9d29cc2d9b38cf6c9e2c9a6cca68ca6cce6c.jpg",channel,1,"8,629"
"https://telegram.metodosdigitais.org/media/b49bb4b31bb95b6dc045e349612a993139b60cfe3cdac49a7493609fd344326d.jpg",channel,1,"17,360"
"https://telegram.metodosdigitais.org/media/b4b4cb6b4d55148a4e9aab4b5b49174f64ea6a8b294b1274d468a0fbc0b7b5b5.jpg",channel,1,"4,091"
"https://telegram.metodosdigitais.org/media/b4bb4bc11f343e1e0f0868087909d06fe043eb79abfe1e80d4bf56e9d485b615.jpg",channel,1,"23,559"
"https://telegram.metodosdigitais.org/media/b4d44a92332da95b494c76a996b68cd3739e96ad8953694996aab695269695aa.jpg",channel,1,"65,858"
"https://telegram.metodosdigitais.org/media/b4d44a9a732da949895666a9b6b68c5568d273ac96a96953696996aaa69566b6.jpg",channel,1,"67,884"
"https://telegram.metodosdigitais.org/media/b5a21e5bb5a24e1f3b2de4b54a0f60b4e0f0c2d6624d4a4c6ec30b6ee5c9db4a.jpg",channel,1,"23,587"
"https://telegram.metodosdigitais.org/media/b5bee409c2495bf688339668168e9c873dcccccc43bb6b547e047ab2f9223732.jpg",channel,1,"26,581"
"https://telegram.metodosdigitais.org/media/b64fae5cb0ed3a51d18759498a9225e9965ec7bb992341e4329bcbc635c78434.jpg",channel,1,"23,362"
"https://telegram.metodosdigitais.org/media/b690a1c93c521eb87b4fe15886fbb5840e3fbc14b49405fbf2a0c1f36b0c4f4b.jpg",channel,1,"41,232"
"https://telegram.metodosdigitais.org/media/b748452268bf8e9fcb40f1e0b6db0e3d54a5b1d64b74c3e0e54b2d1d96a1960e.jpg",channel,1,"23,731"
"https://telegram.metodosdigitais.org/media/b7e4d31c2da4dc33cb3c8db298dbc9e40c9b744323e4cc8e98dd99e486c7321c.jpg",channel,1,"23,334"
"https://telegram.metodosdigitais.org/media/b7ff74b25410341c253b44b2169a66318d249fbee7d0d9cec94dcab19966c94c.jpg",channel,1,"9,243"
"https://telegram.metodosdigitais.org/media/b8393838339631983861c7cfc7cfcf46c6cccc64c6cdc787ce96387133393312.jpg",channel,1,"23,840"
"https://telegram.metodosdigitais.org/media/b9137333c6e63eccc3746956e6d9192696a93c8bc331399dc4e4c66438ce3919.jpg",channel,1,"9,510"
"https://telegram.metodosdigitais.org/media/b91bb68c4c74e8f152e3e1e3478cbb1e40f8932511e3bf1d1b0e90f16933c6cc.jpg",channel,1,"8,713"
"https://telegram.metodosdigitais.org/media/b92193135ed5f70b004c7ed44a67037f978fba11087c7eec7a0109759ffe6802.jpg",channel,1,"21,946"
"https://telegram.metodosdigitais.org/media/b93e4a4a33c02d2d0d2d27e5c791d4e4d02db0bcf2da32f296c996cd9e0396a7.jpg",channel,1,"23,265"
"https://telegram.metodosdigitais.org/media/ba1dac193500c3ff28e4d1930fb8b8434e99bcbcc95b8e2471ef261c62c3be6c.jpg",channel,1,"27,327"
"https://telegram.metodosdigitais.org/media/bb3d0c5a4c6c06731ff71edec804621a61e43fde6e24604641ec33f37f04dccc.jpg",channel,1,"9,562"
"https://telegram.metodosdigitais.org/media/bb84916eccbbcc1bc42ec13b6c4693ab9244974becf93c6696926b146f907991.jpg",channel,1,"4,251"
"https://telegram.metodosdigitais.org/media/bbc7f0ef1b446d32932e53143b1e613c9292cb0bccb9c3918b0ecc3d4cf1ccc3.jpg",channel,1,"41,223"
"https://telegram.metodosdigitais.org/media/bbeecc1187152ef4901143ae6e4759bb944ac3d7851278cac26725481fbb3bd6.jpg",channel,1,"17,475"
"https://telegram.metodosdigitais.org/media/bc0b01fe93f527ad4d4ec9d837199723f0c47e08cf016c81d60ed33279b19e6c.jpg",channel,1,"27,958"
"https://telegram.metodosdigitais.org/media/bc43b939621c70cf89ed2dc06441b137c8fe4ee0b1238de366333bb19ab77231.jpg",channel,1,"23,261"
"https://telegram.metodosdigitais.org/media/bc671b185aa6a4736b45318e5b944879b4c469cc339a7b9d38ce31c873b84f8e.jpg",channel,1,"41,183"
"https://telegram.metodosdigitais.org/media/bccc833299ccbcf323335b290c99b2e3f39e5e4c8e66acc6dccd4ccc88ccb184.jpg",channel,1,"43,903"
"https://telegram.metodosdigitais.org/media/bcfb1440133c1b5750c33ccb1bcf1f3d6b048f24ed21ef00255fc7cfa50762ac.jpg",channel,1,"3,377"
"https://telegram.metodosdigitais.org/media/bd1f01ff83fffcc0fe00fe00ef00d4a1435a01fc84ad92789ad26b1298cf372d.jpg",supergroup,1,"334,290"
"https://telegram.metodosdigitais.org/media/bd4639c6a7f9063dc73dc63707d0b1d778c618529c122d07dd2d6c2d6023d1b9.jpg",channel,1,"23,440"
"https://telegram.metodosdigitais.org/media/bdcc57aaee01582ec13fa7dd3ec2287519e0a785763f60708f801f8fe03d40f8.jpg",channel,1,"22,350"
"https://telegram.metodosdigitais.org/media/bdcc57aaee015c2ec13fa7dd3e62287519c2a705763e60f08fc01f0ee03d40fa.jpg",channel,1,"22,144"
"https://telegram.metodosdigitais.org/media/be24cf8b817b19f4c6e434bc8fd39b43c29ac6de3927348b3d38c26c8cd0b324.jpg",channel,1,"17,437"
"https://telegram.metodosdigitais.org/media/be3b40ca81d48ea0ef4aa0fc9ef17d1b807573476f1e84b07e4a013a0fe97e86.jpg",channel,1,"17,479"
"https://telegram.metodosdigitais.org/media/be4694e9c6c23c5cc4bde5be6b186f06d1b83b4191a7996391ed3701c3f06354.jpg",channel,1,"12,928"
"https://telegram.metodosdigitais.org/media/be7d628a1b579f34e2880edd92a28116e93a9e59c424e7179d3b584ee6959b90.jpg",channel,1,"12,879"
"https://telegram.metodosdigitais.org/media/be98bff9a632003e6edd558719d808a84a47570b50f780274a0f1fe33d701f7c.jpg",channel,1,"23,842"
"https://telegram.metodosdigitais.org/media/beaf835178a83df182637c940362789b977168ae8dd1972398d85762981d0feb.jpg",channel,1,"12,817"
"https://telegram.metodosdigitais.org/media/bedf00df0bff883d91bd36df238131cefc009d2ce720b3c8b08f2451983e4b70.jpg",channel,1,"139,163"
"https://telegram.metodosdigitais.org/media/beebb540915530df855d4dfed8106c87c9026a3ac0177b21c1654b3fc7d4c3e5.jpg",channel,1,"27,018"
"https://telegram.metodosdigitais.org/media/bef681492eb6636bc0187ae6c32c9e9643ae1e1491f6762d70f2d42192ff9e40.jpg",channel,1,"10,022"
"https://telegram.metodosdigitais.org/media/befb6eeac91c19be9171c441ab14d10694419d73e1dce09c19b495f1c44b7b0f.jpg",channel,1,"4,077"
"https://telegram.metodosdigitais.org/media/bf5f01df0bff983d91fd32df238133ce7e009d2cc620b3d9908b2451982e4b64.jpg",channel,1,"12,462"
"https://telegram.metodosdigitais.org/media/bf685491edb7825d0097237ca3fab2ef5e4b8940801155efabd4539a207f838d.jpg",supergroup,1,"353,463"
"https://telegram.metodosdigitais.org/media/bf6dc092c0a62e6de565a18cc4542f69731b69edc0b22f739b9c37dbd040d851.jpg",channel,1,"13,641"
"https://telegram.metodosdigitais.org/media/bfc0643fb07c9fc0e537e03f1df00fe0e01f33c0ce0ff0f14aba4bb3ca40d112.jpg",channel,1,"12,880"
"https://telegram.metodosdigitais.org/media/bfd03cdb943fc3c0cb00e82fe1ada7e01e973c5b3df834a4c287cb0ec82dc825.jpg",channel,1,"17,944"
"https://telegram.metodosdigitais.org/media/bfe731a1e12561bdc28e9e189e529e5ad21ec21e961c1e381ce139e761e761a5.jpg",channel,1,"5,221"
"https://telegram.metodosdigitais.org/media/bff1c8aacc666355b33ac466965d331987a39ce73199331a6cc5c074b319c0cd.jpg",channel,1,"23,843"
"https://telegram.metodosdigitais.org/media/bffc9c28695cd18cb53c195e8d8d6a73940696936ae1739de770c2159403c673.jpg",channel,1,"28,592"
"https://telegram.metodosdigitais.org/media/bffe80126efe75ae99e1a611d1965eed992b2398c18bd969c0019318db49da61.jpg",channel,1,"20,579"
"https://telegram.metodosdigitais.org/media/bffec085c08c2ffad081b72ccc1b9330952ba4373b74cc0136e43bb739cb948d.jpg",channel,1,"52,566"
"https://telegram.metodosdigitais.org/media/bfff07f997f403f21f6a1ac56811fc0be000d880c0c0ce54c1f80ffce5751dcb.jpg",supergroup,1,"165,177"
"https://telegram.metodosdigitais.org/media/bfff780047bf07ff52004e40625848af780003ff7d027c0b0dff01ff76000ffe.jpg",supergroup,1,"286,349"
"https://telegram.metodosdigitais.org/media/bfffe0413bbfcbe0d01f1ae0c3a3f41c05e3a53ef41803f3c61cd043871e990c.jpg",channel,1,"12,822"
"https://telegram.metodosdigitais.org/media/c000f9602fcf6d9f2cf669672dc7c3122c9769e3d8e37cb0d0a2d2c9d862d8c5.jpg",supergroup,1,"367,595"
"https://telegram.metodosdigitais.org/media/c044ad542ff93a50ab542920a051c4523f6e2bbd499f4cfed26ad6af9cbd90b9.jpg",channel,1,"9,845"
"https://telegram.metodosdigitais.org/media/c0805002dafdacc4531b8dfc64065bfba444f78f10f9ee0611f94e74f98743fd.jpg",channel,1,"38,683"
"https://telegram.metodosdigitais.org/media/c0a960e43fd0e23e3726781fd89e27c6d89cccccdd136f133331360f1f06e478.jpg",channel,1,"23,234"
"https://telegram.metodosdigitais.org/media/c0aaebfca9409500bea5bc0b9c1184bfaf5f94df9eafb700a3e486e4f1916348.jpg",supergroup,1,"980,967"
"https://telegram.metodosdigitais.org/media/c13643327acd94cc3d8c2c93c4135e372af19979937453fac32f8986635d6dc1.jpg",channel,1,"17,012"
"https://telegram.metodosdigitais.org/media/c14435cc7a76caab96fbee23b5a989f0e7987e4d635f2a0381813e000ef89d47.jpg",channel,1,"2,193"
"https://telegram.metodosdigitais.org/media/c1619b291ebc87d4e9031c69b28f68d66dd2252bb66b385668fec7487b833385.jpg",channel,1,"9,627"
"https://telegram.metodosdigitais.org/media/c1863b366c1072e778f10f3c9fcfb5c923f968d066a4cf9cc063c91b948a1ccb.jpg",channel,1,"22,333"
"https://telegram.metodosdigitais.org/media/c1bb94b368ce6e0c6bc43d91466338cfc53294daa1b1c6de8e6eb06f91b16724.jpg",channel,1,704
"https://telegram.metodosdigitais.org/media/c2490de3f187233a3b30c31e0da09cfbcce90cc7f0de23c9cc1f98ebcf09741e.jpg",channel,1,"10,396"
"https://telegram.metodosdigitais.org/media/c2834881e8aaf4fc726c7be9986d387210b2bff249960db3db9a0bcf084f98b6.jpg",channel,1,"140,294"
"https://telegram.metodosdigitais.org/media/c3edb6d23c92303d3cf3ca61259c5b2981e15b8ea07e2cf3665a399e9b20c4c7.jpg",channel,1,"17,407"
"https://telegram.metodosdigitais.org/media/c3f036d23c0fc92d3d92303e24bc3c61c1ad1b0fcb6164d9365bc9b6cb70c49f.jpg",channel,1,"17,523"
"https://telegram.metodosdigitais.org/media/c400cc6237ff3a7f1be0e740c8c8d037d933db3326cc36cc336191b3b43fc88b.jpg",channel,1,"17,595"
"https://telegram.metodosdigitais.org/media/c407e1053b4949f8d4f0bf506d0b852f9de9cb40cc02982b1de4c2feb7f67794.jpg",supergroup,1,"1,002,606"
"https://telegram.metodosdigitais.org/media/c4490b5756a1d24b1b53d4a7497da553a4b47b34b4c96d3a3db6399a692634b4.jpg",channel,1,"5,406"
"https://telegram.metodosdigitais.org/media/c4683ce66b40b3907318fb18d4d964e65c66da644fe9d119359b7b012b159cef.jpg",channel,1,"2,102"
"https://telegram.metodosdigitais.org/media/c4bbe6cc1e0041b746dd7d0a1b631c1c53fbbf527931a1c6ca34b1aceaa1354d.jpg",channel,1,"10,354"
"https://telegram.metodosdigitais.org/media/c4ccb3e86885439f7b48e8114bcf3cf0ac4bb61eb7e0c342e1943d6b16961f2d.jpg",supergroup,1,"113,868"
"https://telegram.metodosdigitais.org/media/c4d5fe15624681ee4c7ecc3e21e8e1e9e594e29693c396e1c690b1951dd34d63.jpg",channel,1,"23,565"
"https://telegram.metodosdigitais.org/media/c52eb7841090565bebb4e50c3c372b9f3a40787d05cf8e6760fd199a46896af5.jpg",channel,1,"28,387"
"https://telegram.metodosdigitais.org/media/c546972a9ccd3299e7854e08ccfbecc1398fc1dc1a31c8972fd018f3e72e18ec.jpg",channel,1,"23,579"
"https://telegram.metodosdigitais.org/media/c550fd411e09e1cf4ef0da0c52be1e9342b21e381bec2557a75fe7d0b17c4a83.jpg",supergroup,1,"294,770"
"https://telegram.metodosdigitais.org/media/c589e9b1323216570e673b6effcd719871c050c101e045b8cfb90b9c4f8d5f5e.jpg",channel,1,"22,559"
"https://telegram.metodosdigitais.org/media/c693f8de471339e0c92c97f13e75900cb2e592c18394c7defc442b1f03d3e60d.jpg",channel,1,"44,138"
"https://telegram.metodosdigitais.org/media/c6c42ce9d89c31722fb5f21e21e377c2304d3bbc3e03121f33363e823b1f33a6.jpg",channel,1,"10,355"
"https://telegram.metodosdigitais.org/media/c6e4c2c86c1a4338312d390f3c4f2f23cb0b792ef9d6a4b5c6f1c49cc31ed3b4.jpg",channel,1,"17,141"
"https://telegram.metodosdigitais.org/media/c7c0e3c0a3c1a1432f13a75b697f4b36ed566d7eeb04e900639cb931f648f610.jpg",supergroup,1,"207,299"
"https://telegram.metodosdigitais.org/media/c850dec39ccdc930b296d947599db5a46a076992dcac96759f55b54465bf6028.jpg",channel,1,"5,035"
"https://telegram.metodosdigitais.org/media/c9cf4046263f273bd198399d932c1b466c1a1e9b0d57988d1eddd6c0f74c6333.jpg",channel,1,"3,323"
"https://telegram.metodosdigitais.org/media/c9d765b73e4cc19866399c32d3d263893273a636c9a783c3a6066adcb1c6c3a3.jpg",channel,1,"9,652"
"https://telegram.metodosdigitais.org/media/ca57c2f241c273aafebfce859dc4b51ef6b86e0c37ea915301aa009348af4257.jpg",channel,1,"22,861"
"https://telegram.metodosdigitais.org/media/cb09bbadb19689720e28b4136cfe9845397a39d3b968dabc3a114aed806e6799.jpg",channel,1,"5,428"
"https://telegram.metodosdigitais.org/media/cb22887e2e51d421b568ce2bf161969df4f42a5ed92ae7242f8b0fd0c62999e3.jpg",channel,1,"13,117"
"https://telegram.metodosdigitais.org/media/cc4b99c44f5642b8f8cb070bed34fc2039c7f2029c513cdbe79ca9398eb3509b.jpg",channel,1,"23,471"
"https://telegram.metodosdigitais.org/media/cc8da6ed8d729966a608f976dba4959aa8d9d5b18d8ac81a0e35757b26f26244.jpg",channel,1,"23,245"
"https://telegram.metodosdigitais.org/media/cc9f34b892c76732b36cccc39b182b8c30f1a633e33338c9cca3869e6926bee2.jpg",channel,1,"23,363"
"https://telegram.metodosdigitais.org/media/ccc3e67c3304332d9919b336ccccd9b3cecdcc86730ec4cde0c1733e318c331b.jpg",channel,1,"23,341"
"https://telegram.metodosdigitais.org/media/ccc541505ca0b3745526a3d4482395b84b59248f2b7b3c3f4b6f6ea6347f5a37.jpg",channel,1,"4,670"
"https://telegram.metodosdigitais.org/media/ccf33826e78c63d93313393862662e678c78d89c8d8f31d0767e2703e3e11c3e.jpg",channel,1,"26,374"
"https://telegram.metodosdigitais.org/media/cd1da64774c99ec64b66b7926298d8c98334711bae6733b66cf88b6671962849.jpg",channel,1,"67,865"
"https://telegram.metodosdigitais.org/media/cd41784f2d6d6db19256dc72ec4b46e912be319af2070350dd0b394dd482ceee.jpg",channel,1,"65,860"
"https://telegram.metodosdigitais.org/media/cd712d7ce5490d5bf1c31f0e78e306c6798f9ab4728c5a904ab346b84ae6da13.jpg",channel,1,"139,334"
"https://telegram.metodosdigitais.org/media/cd7c4fdef3075a60d22c7c86a303f1678871615a30d0897e42a1f4ff593287b6.jpg",channel,1,"9,509"
"https://telegram.metodosdigitais.org/media/cdc9d324cab6b8996cd84ad687b60ff3e199e076e078c26d038912efe5203d8e.jpg",supergroup,1,"455,927"
"https://telegram.metodosdigitais.org/media/cdd381c78196b63d0e65c789b22d28435bf6f3fcd02cae56eba0486895d475b0.jpg",channel,1,"22,649"
"https://telegram.metodosdigitais.org/media/ce4fd373c0e3ffbce71c24203dd9031bf0c7fcc2cb383efc20540310f6b1310b.jpg",channel,1,"23,807"
"https://telegram.metodosdigitais.org/media/ce5718ac5888ce65adc98c87189b76b08f26ab6eccec18ccd69db1b3a3564c47.jpg",channel,1,"27,038"
"https://telegram.metodosdigitais.org/media/cf0e8f7ef0c12cb0e18716c973d31e08e18e0a38e2a7a10235b5f1e60ef84fbf.jpg",supergroup,1,"84,891"
"https://telegram.metodosdigitais.org/media/cfc4f984f153d04be02fe4f5f4d9c2f91a641b3c7b0c1f4b1c031986c785f0e1.jpg",channel,1,"23,396"
"https://telegram.metodosdigitais.org/media/cfd9afdb8bd98fde6c22cc220d2089300f022d305f0a4f27b1ed1a6793f95e4a.jpg",supergroup,1,"245,417"
"https://telegram.metodosdigitais.org/media/d0296d683eb55a16c8233da7c854929927ed1939c2c43e7b65e6a4e275c33d87.jpg",channel,1,693
"https://telegram.metodosdigitais.org/media/d02febaf258752803ed8d09e97965b29c978cdb89d1a4a5ad42131a77b97254c.jpg",channel,1,"9,618"
"https://telegram.metodosdigitais.org/media/d04063bf659d9cd41a72612de584169a3a6b796c6fb6c6d9d0499b6bb9642994.jpg",channel,1,"9,553"
"https://telegram.metodosdigitais.org/media/d0a404fc2dfaf80339162dfed809da952ddbd960d2ac86fc6b4234a3c6afc354.jpg",channel,1,706
"https://telegram.metodosdigitais.org/media/d1ad5df9df62c26abad3195434cd29066ed22b7c79b0938d991af6e4011a76a0.jpg",channel,1,"23,268"
"https://telegram.metodosdigitais.org/media/d1ade5a16c521a5a3e1e64e5c1bd1b1b8d6f81ad22dcc25a38576536cb70dd88.jpg",channel,1,"15,998"
"https://telegram.metodosdigitais.org/media/d1d091e98b011a0338d3e0eac7ac436dd6b999d334cbad5097292d35be7eca56.jpg",channel,1,"22,841"
"https://telegram.metodosdigitais.org/media/d2688d97f1c846217595f8cac79753600e9f75f8c2876bf874022e658552bb6c.jpg",channel,1,"40,700"
"https://telegram.metodosdigitais.org/media/d34207700e9cfb0f798f9db40dbaeccb38e74c9591b691f2ef213c11144698b6.jpg",channel,1,"17,153"
"https://telegram.metodosdigitais.org/media/d399d3b8f90702afd0d22fd959007addd8072780267efdd12246ed82f87928c7.jpg",channel,1,"23,492"
"https://telegram.metodosdigitais.org/media/d4007faa7eaa84046faa66a07eeab10145ca4e8ab1048774d0fc7baecb7783fd.jpg",supergroup,1,"358,997"
"https://telegram.metodosdigitais.org/media/d4082d7135a65ba26ad3b6ce2dde423d6bf1d1ac2d7cc408d0092ff614a66bc7.jpg",supergroup,1,"242,425"
"https://telegram.metodosdigitais.org/media/d44bd4cafdc2ef306f30cb126f92cb186d0c69086887f087f256a5f681fa05cf.jpg",channel,1,"23,790"
"https://telegram.metodosdigitais.org/media/d4b4b8b0db19f8f20d8d766803b626321de74cdefd37730e7633cc8c9f6004c0.jpg",channel,1,"4,184"
"https://telegram.metodosdigitais.org/media/d4c4d123293d4cc8b6d737347d993351dcaa2d1596ea225dcda26b659ccaccc4.jpg",channel,1,"27,115"
"https://telegram.metodosdigitais.org/media/d4ccd6d83610b9b5ef255d6c19cc20236d331dd6a206825b3d4be121e234fefe.jpg",channel,1,"43,934"
"https://telegram.metodosdigitais.org/media/d52a287e9f832f85e0ad70bd60da178b294eb1649b765a88993fa9522701769f.jpg",channel,1,"16,037"
"https://telegram.metodosdigitais.org/media/d5510205588e35fa42affd1a38bc627d3f586a2fb076b9514a2387e7db8090ee.jpg",channel,1,"17,329"
"https://telegram.metodosdigitais.org/media/d70264dd6ab5176a62c27da33a519993ed0ae43421efdb4a6d91c3ec1b015a5b.jpg",channel,1,"22,652"
"https://telegram.metodosdigitais.org/media/d7589f5e35d6110b1a285aa3695a7a4878e978a37ae5d94c72535a7394c225ab.jpg",channel,1,"5,429"
"https://telegram.metodosdigitais.org/media/d83e65e018efdadf47071b22ba5308964d2996bba4f6e4acf849c89a4ad50cd6.jpg",channel,1,"43,854"
"https://telegram.metodosdigitais.org/media/d972273427790ffbf460d842f2094e03cf8733f1dcecba0ca1b37c133c46c18d.jpg",channel,1,"13,308"
"https://telegram.metodosdigitais.org/media/d9749f72f08b1f95fb62df76209d802c57644c272583e45c6ffc602686a2ec89.jpg",channel,1,700
"https://telegram.metodosdigitais.org/media/d98684db277df904e25383798da4ccf3d2c9c3442d2f91ace31ad729d82a04fb.jpg",channel,1,"84,208"
"https://telegram.metodosdigitais.org/media/d991a4dbd9050a6cd345edc660b697390c8b66c9f3359912b4d633a12b39acf6.jpg",channel,1,"23,419"
"https://telegram.metodosdigitais.org/media/d9ab09bb766a5d668f50fb295d5e211cf16994e6b689aa82e03a17a995f19441.jpg",channel,1,"41,780"
"https://telegram.metodosdigitais.org/media/d9b2266638c964cb6730ccce666123999b2699b399e0cd8e671966f19986cd9e.jpg",channel,1,"5,459"
"https://telegram.metodosdigitais.org/media/d9fc5020d2302f7f736795cbb0c831c4879707cbb503f08e68c7879f855d6a98.jpg",channel,1,"3,286"
"https://telegram.metodosdigitais.org/media/da49402da2725f3539c2c59e79d9ae9a1f216362969d6c6697992972d78924f2.jpg",channel,1,"67,887"
"https://telegram.metodosdigitais.org/media/da639c2b801727f4b5d487599ff120369e43c1fc1e03726cc7f0180e6ffcc629.jpg",channel,1,"14,094"
"https://telegram.metodosdigitais.org/media/da6d4f6dc9b22790300f9bf365923198ccc8324c1ee9d86d27c88cd26f60f86f.jpg",supergroup,1,"329,632"
"https://telegram.metodosdigitais.org/media/dacdd77303f541f3f046d20803bb43e2e897e03e87c1c6e2e6c7c4fba6509e10.jpg",channel,1,"65,839"
"https://telegram.metodosdigitais.org/media/db0cfd90f78257895d0974a37c75d6ac20e320f38b4c824ab531ce4e65ac7d33.jpg",channel,1,"5,430"
"https://telegram.metodosdigitais.org/media/db0e8c6b6912b2a4173cf0eb7f81b7a548d6b67c48f0964b49b19e96024bb49b.jpg",channel,1,"23,715"
"https://telegram.metodosdigitais.org/media/db1b3a46b5b22ccd93c92e316da44ea768d1f099c31c966438c3949acbdf910f.jpg",channel,1,"22,452"
"https://telegram.metodosdigitais.org/media/db2624d96a965b36b569648d46ccab54926d74a924db7a4443bce58b05dbf885.jpg",channel,1,"26,913"
"https://telegram.metodosdigitais.org/media/dba43964295286b1641c66593c45c26db5d33f1278d6d8e5934c9b3e5b3269e6.jpg",channel,1,"4,082"
"https://telegram.metodosdigitais.org/media/dbff9998e141e6458654d370b14137a393113fbbd04868efe08468bec0b97aea.jpg",supergroup,1,"89,830"
"https://telegram.metodosdigitais.org/media/dc2821c74cb1b78e6a4736cfcd11d460b4aedbd9853161ed1a4a6c3263f5971a.jpg",channel,1,697
"https://telegram.metodosdigitais.org/media/dc3cf4ac62e3125325515baa4b88ad75d404b48c877b68c669f54b3363c21edf.jpg",channel,1,"5,422"
"https://telegram.metodosdigitais.org/media/dc8cf741e63019cf28cd267b93271dde0cd9b3366374ccc9c902f664a7591833.jpg",channel,1,"16,020"
"https://telegram.metodosdigitais.org/media/dc9c4bc7373e7c61e313f19a66669c3903c6e10cd8c90f67e59970ccc7294c92.jpg",channel,1,"23,855"
"https://telegram.metodosdigitais.org/media/dceff74e16d61d212b00a2a0e023d5567955b07ca07ecc47dcec9dc68ece905c.jpg",channel,1,"23,239"
"https://telegram.metodosdigitais.org/media/ddc033c020f5ccb7ae4f1b9cb39c3c1c1c7e03fe81bfc1c06e63f06293585d8a.jpg",channel,1,"2,269"
"https://telegram.metodosdigitais.org/media/ddc882e3c92a8f43d9f8d23fda08cff24b49792506a1bc266267708cbdd3c169.jpg",channel,1,"22,297"
"https://telegram.metodosdigitais.org/media/ddcf83b603b4dcc365d2c63cca6780cb8eb9916519f9f88aa780f824134f641f.jpg",channel,1,"4,788"
"https://telegram.metodosdigitais.org/media/deed540c9e4d2addd47237b2673cb511680dbaeb83d05b188e2542d4ad767a88.jpg",channel,1,"3,307"
"https://telegram.metodosdigitais.org/media/df55b82285f3c30dc30de580e1e5d0eff496b0f4b6c394f316941ed01f075961.jpg",channel,1,"44,391"
"https://telegram.metodosdigitais.org/media/e1169266b1a4333b9ad66931c91b8693cd99ccb892d5cc8d8e5b4c69cce1ccf3.jpg",channel,1,"15,046"
"https://telegram.metodosdigitais.org/media/e18664b20ed95a49bd2d44b64ad2ad4adea531b7a55aabfdb149722b8c0c69a5.jpg",channel,1,"10,392"
"https://telegram.metodosdigitais.org/media/e1a4bc8662500569199e6e43510eab5e0f7a3bc44473117aebdece63f189d4be.jpg",channel,1,"41,014"
"https://telegram.metodosdigitais.org/media/e1c992589e166966c3f165b19c966ce6c1cc68c99e9638e6d2cc71c99f9961b2.jpg",channel,1,"22,021"
"https://telegram.metodosdigitais.org/media/e339713b1cc60cc64efe6338331197555ec64a86468007451eed53bbdb32e8f6.jpg",channel,1,"140,115"
"https://telegram.metodosdigitais.org/media/e39e86d87a03b478c6c93b6d64a9c3519d6fd8d4cf12322d98f2cd8f9c34a0c2.jpg",channel,1,"41,289"
"https://telegram.metodosdigitais.org/media/e44f9694bdff0ba10fa0bed12014fbf012c178b5f01ae036fa5db01b85859bd5.jpg",channel,1,"5,435"
"https://telegram.metodosdigitais.org/media/e44f9694bdff0ba10fa0bed12014fff012c178b5f01ae036fa5db01b85859b55.jpg",channel,1,"57,991"
"https://telegram.metodosdigitais.org/media/e480bdbb1292e94957e5e204497795881b76b249c24dbcc9403bbf664b2d17fe.jpg",channel,1,"41,138"
"https://telegram.metodosdigitais.org/media/e551685511ae976a195a6dc2b5a9d4ad64e5f9916f249b994e560bc66b561998.jpg",channel,1,"3,901"
"https://telegram.metodosdigitais.org/media/e5ab1a146220e5e719bc1a34dad4cc1b1d5d492ceac7236914f9e741afe6656c.jpg",channel,1,"40,972"
"https://telegram.metodosdigitais.org/media/e67591e86eb27a479bda6e86916b2c1170c63da9ed141adb4f0397864870692f.jpg",supergroup,1,"946,091"
"https://telegram.metodosdigitais.org/media/e6f23d19999216696a5991e64ec6066a699936956e4b66e63364c99a366dcd91.jpg",channel,1,"41,093"
"https://telegram.metodosdigitais.org/media/e7809c77807f53c9730c0c73fe8e80e8f14f9916669164ab956292d76dad6b30.jpg",channel,1,"139,807"
"https://telegram.metodosdigitais.org/media/e845f57a172a79c52b5f463a07645405fd5a0a4096a44f1efb6d0f5837b2c54e.jpg",channel,1,707
"https://telegram.metodosdigitais.org/media/e8b59b3167c4e4481b7ba3cfc74854aab2b5f5e1b58aa4b396e1a7c51c08c634.jpg",channel,1,"23,287"
"https://telegram.metodosdigitais.org/media/e99b41189ce59ce46244632cf11128b375338634476336e79bf70b390f9b8fb3.jpg",channel,1,"139,376"
"https://telegram.metodosdigitais.org/media/ea66cd2d113b6a94a96c156a76b6c67656dbe6a8a275f956f22a22357c46208a.jpg",channel,1,"23,336"
"https://telegram.metodosdigitais.org/media/eaaa3fff9555c000855595ff9055c001941f95fff550d0178557e4ff9151c00f.jpg",channel,1,"9,679"
"https://telegram.metodosdigitais.org/media/eaab851438e1fb8ee4788dc784dc3baa7972336b19ac1bb31b311a6c116e11b9.jpg",channel,1,"26,733"
"https://telegram.metodosdigitais.org/media/eaad3ff8e009c007855ecadd9543e103c05fccdc9172f103e54ed0fe9903e4dd.jpg",channel,1,"9,753"
"https://telegram.metodosdigitais.org/media/eab493e3250cb55a34a76cbfc2ded3adce1c34e53b15c342cae8830f3d21240f.jpg",supergroup,1,"367,617"
"https://telegram.metodosdigitais.org/media/eabab7fcc176b689ed809067b601e7d188a67a6606192bf05d86a617dc38617c.jpg",channel,1,"17,024"
"https://telegram.metodosdigitais.org/media/ebef805582187aebe9654fffb914c86bd621e88439764e9efd01a42116a6d912.jpg",supergroup,1,"946,004"
"https://telegram.metodosdigitais.org/media/ebf87028131797160f460d6368f338f31297175756cd4d4c6de86b1c35933297.jpg",supergroup,1,"977,323"
"https://telegram.metodosdigitais.org/media/ec1775a2371e3b8f8a714c3f5ca98f42eb5823747b0948f988428feefc016332.jpg",supergroup,1,"357,984"
"https://telegram.metodosdigitais.org/media/ec38fb6c4b93c6921a4bb9d96667b9861b6ce4b0138cc78665b6e649134b934a.jpg",channel,1,"8,684"
"https://telegram.metodosdigitais.org/media/ec99b3e6945d30d131ea48e43dccf9c6438ec71cc6ab8623af57b51aa31cc614.jpg",channel,1,"4,178"
"https://telegram.metodosdigitais.org/media/eccdc6732f6230ce93d33b19319c338e1b1d31316313326c3333ccc6cccd99b9.jpg",channel,1,"44,300"
"https://telegram.metodosdigitais.org/media/ed0bb4bdd2b42f42c2b45bc19783c3639f43de0f2e5b9130599c344e6cf2243a.jpg",channel,1,"17,480"
"https://telegram.metodosdigitais.org/media/ee2c1b0533d8ee1eab1b895bc45ec44ec66a80e0a6e7a4b7b8b290875c6dc4f5.jpg",channel,1,"10,475"
"https://telegram.metodosdigitais.org/media/ee7367b2919c9d8c69d86636633396379b58cd8ccb4b862118cd9868cb73c523.jpg",channel,1,"19,525"
"https://telegram.metodosdigitais.org/media/eed3cc1006c533ebf83ce81bc96f93fa6908e34b43eac3e46382b0b714f29c62.jpg",channel,1,"22,015"
"https://telegram.metodosdigitais.org/media/eeea9155e0676efa9901c426195163805c27919166cabc3561e7b2cc3cff2b2f.jpg",supergroup,1,"353,488"
"https://telegram.metodosdigitais.org/media/eeee93f9db0dd686b544ec13d0b121d8d2922c178419439d91727ae6c816ed57.jpg",channel,1,"22,644"
"https://telegram.metodosdigitais.org/media/ef4318e64e0ff0e849ba3cfe5d78a894b4fa27782f045a19e780e244f7049357.jpg",channel,1,"21,762"
"https://telegram.metodosdigitais.org/media/ef8fbc34c00acbe4e100441b87f3f7db189fa59f10d0c96678808fff7820ada3.jpg",channel,1,"9,660"
"https://telegram.metodosdigitais.org/media/efd9eb62e0e38487d82f9e09b53827c6b83c35cef0a18ab9761cc42be03ca076.jpg",channel,1,"41,265"
"https://telegram.metodosdigitais.org/media/f0a82c3e66d251f1b35cf94651e202dbb50ded4555e90a46eb72a4f6466b188f.jpg",channel,1,"42,095"
"https://telegram.metodosdigitais.org/media/f2e49e2d1c1be16a0d1d7c2b907cf3e0e5d1526f9ac026d3f016172e1c0f3c1f.jpg",channel,1,"26,973"
"https://telegram.metodosdigitais.org/media/f339e297cce668c67339e211cce668c67339721948e6c8c673397299c8e6c866.jpg",channel,1,"9,604"
"https://telegram.metodosdigitais.org/media/f3cef3ce5b6e592ae29ae69126117230d232d82c39ace0cde05b277761bdc00e.jpg",channel,1,"12,879"
"https://telegram.metodosdigitais.org/media/f4300dc202fd8ceb7a877fc909e3e0f3c1599ef4f318ce44230fa65c112f2f13.jpg",channel,1,705
"https://telegram.metodosdigitais.org/media/f4e51f4a1e96e16d0e1e0f4a925f6db083dafa4f01faf0a0b0a9e5e0b16394f0.jpg",channel,1,"41,722"
"https://telegram.metodosdigitais.org/media/f500b56eb500f500b5a2b520a522d56025fff50000ff0b7f42ef0aff4a9f6afb.jpg",channel,1,"134,254"
"https://telegram.metodosdigitais.org/media/f552aaa5960e15ae2a8d3a2d5c933c8b1c9d79d269446bd697b9671cc2609c2f.jpg",channel,1,447
"https://telegram.metodosdigitais.org/media/f6634bba43e514f47cb05b501f199709e4b8286b916bc53a4c365ee0ce438e77.jpg",channel,1,"23,389"
"https://telegram.metodosdigitais.org/media/f7081c4277096ba8327518776daeea594d760dd24acae754c9b649a96295e734.jpg",channel,1,"23,740"
"https://telegram.metodosdigitais.org/media/f89fa7647a1d49f027e2f03ea122ff26e00fd889d857885f0fcb0bd00bd6620e.jpg",channel,1,"23,347"
"https://telegram.metodosdigitais.org/media/f8b58a56600975aeba4a867c179a1cb8a3a7b67c85a09bbd9b013a5b615b6c4b.jpg",channel,1,"23,306"
"https://telegram.metodosdigitais.org/media/f8c0c7fe371aec23880db11f60a36e9b974017be7fb042545a24f487345beb26.jpg",channel,1,"23,852"
"https://telegram.metodosdigitais.org/media/f988819e0edd6e4140fb998cb78606716cd9cbed970e3e516875dbe09006b71d.jpg",channel,1,"23,624"
"https://telegram.metodosdigitais.org/media/f999841972632645acd899bb8a63cc461d0d73b3731566cc482b5f36d9765ccc.jpg",channel,1,"12,819"
"https://telegram.metodosdigitais.org/media/fa2e85c0c45d6b0723e3dcb8ad50278716ace19a7a53bc6107be9315cde94e1a.jpg",channel,1,"17,510"
"https://telegram.metodosdigitais.org/media/fa9cec0f97e0b162a5395a4fea474ad6f0d58de0b40f0f91b40ad2fcc2742bc0.jpg",channel,1,"26,746"
"https://telegram.metodosdigitais.org/media/fafb91c6999cce1cc644cc26993262f1b9c19dcee312c60c861d4bb2e7331a9d.jpg",supergroup,1,"360,494"
"https://telegram.metodosdigitais.org/media/fbbe855486553bedf1014eef854462aed1103ebbd0146ebe98503769c5491daa.jpg",channel,1,"28,478"
"https://telegram.metodosdigitais.org/media/fbbf9154c0542e55e451c66d9460d8ab94c241eed50359bb9c9173adc54476bb.jpg",supergroup,1,"343,162"
"https://telegram.metodosdigitais.org/media/fc1b37c163a5720ed30e9738a5dacd32c8f1cc9926648dc5898ca66336acf726.jpg",channel,1,"10,406"
"https://telegram.metodosdigitais.org/media/fc2f83f881950c27c35a7c97d66a7f0a8515e847c0f056b94e03e9f6d270d750.jpg",supergroup,1,"367,608"
"https://telegram.metodosdigitais.org/media/fc3e09ff83e9a6fa165b9b4d65047492d901f504f6909ac1914966bc8cd74d9a.jpg",supergroup,1,"164,269"
"https://telegram.metodosdigitais.org/media/fc571f17e9297a0354d274762bad27690efa00e74ac6abf087a9887d84e6928a.jpg",supergroup,1,"325,754"
"https://telegram.metodosdigitais.org/media/fca78b65b4b13b59eb1c1688848ab49ee40fb4a1c616601e696de95f97c58917.jpg",channel,1,"67,856"
"https://telegram.metodosdigitais.org/media/fd479af094a361371b57319e6f0f868c7999c3d9259dcf38c6318e44c4780cc6.jpg",channel,1,"9,571"
"https://telegram.metodosdigitais.org/media/fd7afb144ec4600b76915ce52465644da437f743b54aa15aa15aa47ef83e1836.jpg",channel,1,"41,053"
"https://telegram.metodosdigitais.org/media/fd9bfed43f92c02a76257ea5b531812fa013314ba55ac15aa45ab0d6743e623c.jpg",channel,1,"43,982"
"https://telegram.metodosdigitais.org/media/feabdc00991491eeb4685ab163536f2ad70862adc35c2f96e14336633ca172f9.jpg",channel,1,"27,501"
"https://telegram.metodosdigitais.org/media/fec8aa35d13556ca8ef1191cf13cbceac2562c59394ae1730e0bd7e670c90b94.jpg",channel,1,"22,797"
"https://telegram.metodosdigitais.org/media/fed16bf38e1f902e46c09f219dc7c62da5309dc485cec6ac9348139c731e7499.jpg",channel,1,"10,978"
"https://telegram.metodosdigitais.org/media/fee81bb1c516a61795ebd0eae24d4ee091b178768f78668999074d608b1f6c0e.jpg",channel,1,"23,363"
"https://telegram.metodosdigitais.org/media/ffa1073c895660c6984d19edb166f944e7680f1ae498e671c4e1cc83f49fdc0e.jpg",channel,1,"22,653"
